-- phpMyAdmin SQL Dump
-- version 3.5.2.2
-- http://www.phpmyadmin.net
--
-- Host: 127.0.0.1
-- Generation Time: Nov 12, 2022 at 09:58 AM
-- Server version: 5.5.27
-- PHP Version: 5.4.7

SET SQL_MODE="NO_AUTO_VALUE_ON_ZERO";
SET time_zone = "+00:00";


/*!40101 SET @OLD_CHARACTER_SET_CLIENT=@@CHARACTER_SET_CLIENT */;
/*!40101 SET @OLD_CHARACTER_SET_RESULTS=@@CHARACTER_SET_RESULTS */;
/*!40101 SET @OLD_COLLATION_CONNECTION=@@COLLATION_CONNECTION */;
/*!40101 SET NAMES utf8 */;

--
-- Database: `db`
--

-- --------------------------------------------------------

--
-- Table structure for table `login`
--

CREATE TABLE IF NOT EXISTS `login` (
  `id_login` int(11) NOT NULL AUTO_INCREMENT,
  `id` varchar(30) NOT NULL,
  `password` varchar(30) NOT NULL,
  PRIMARY KEY (`id_login`)
) ENGINE=InnoDB  DEFAULT CHARSET=latin1 AUTO_INCREMENT=2 ;

--
-- Dumping data for table `login`
--

INSERT INTO `login` (`id_login`, `id`, `password`) VALUES
(1, 'admin', 'admin');

-- --------------------------------------------------------

--
-- Table structure for table `nbc_atribut`
--

CREATE TABLE IF NOT EXISTS `nbc_atribut` (
  `id_atribut` tinyint(3) unsigned NOT NULL AUTO_INCREMENT,
  `atribut` varchar(100) NOT NULL,
  PRIMARY KEY (`id_atribut`)
) ENGINE=MyISAM  DEFAULT CHARSET=latin1 AUTO_INCREMENT=256 ;

--
-- Dumping data for table `nbc_atribut`
--

INSERT INTO `nbc_atribut` (`id_atribut`, `atribut`) VALUES
(1, 'Komik'),
(3, 'Psikologi'),
(4, 'Anak-Anak'),
(5, 'Komputer'),
(6, 'Pendidikan'),
(7, 'Fiksi'),
(9, 'Travel'),
(8, 'Sejarah'),
(2, 'Agama'),
(10, 'keluarga'),
(11, 'masakan'),
(12, 'hukum'),
(13, 'bisnis'),
(14, 'finansial'),
(15, 'Pertanian');

-- --------------------------------------------------------

--
-- Table structure for table `nbc_data`
--

CREATE TABLE IF NOT EXISTS `nbc_data` (
  `id_data` int(11) unsigned NOT NULL AUTO_INCREMENT,
  `id_responden` int(10) unsigned NOT NULL,
  `id_atribut` int(10) unsigned NOT NULL,
  `id_parameter` int(10) unsigned NOT NULL,
  PRIMARY KEY (`id_data`)
) ENGINE=MyISAM  DEFAULT CHARSET=latin1 AUTO_INCREMENT=3796 ;

--
-- Dumping data for table `nbc_data`
--

INSERT INTO `nbc_data` (`id_data`, `id_responden`, `id_atribut`, `id_parameter`) VALUES
(1, 1, 1, 1),
(2, 1, 2, 0),
(3, 1, 3, 0),
(4, 1, 4, 0),
(5, 1, 5, 0),
(6, 1, 6, 0),
(7, 1, 7, 1),
(8, 1, 8, 0),
(9, 1, 9, 0),
(10, 1, 10, 0),
(11, 1, 11, 0),
(12, 1, 12, 0),
(13, 1, 13, 0),
(14, 1, 14, 0),
(15, 1, 15, 0),
(16, 2, 1, 0),
(17, 2, 2, 0),
(18, 2, 3, 0),
(19, 2, 4, 0),
(20, 2, 5, 0),
(21, 2, 6, 1),
(22, 2, 7, 0),
(23, 2, 8, 1),
(24, 2, 9, 0),
(25, 2, 10, 0),
(26, 2, 11, 0),
(27, 2, 12, 0),
(28, 2, 13, 0),
(29, 2, 14, 0),
(30, 2, 15, 0),
(31, 3, 1, 0),
(32, 3, 2, 0),
(33, 3, 3, 0),
(34, 3, 4, 0),
(35, 3, 5, 0),
(36, 3, 6, 0),
(37, 3, 7, 0),
(38, 3, 8, 0),
(39, 3, 9, 0),
(40, 3, 10, 1),
(41, 3, 11, 1),
(42, 3, 12, 0),
(43, 3, 13, 0),
(44, 3, 14, 0),
(45, 3, 15, 0),
(46, 4, 1, 0),
(47, 4, 2, 0),
(48, 4, 3, 0),
(49, 4, 4, 0),
(50, 4, 5, 0),
(51, 4, 6, 1),
(52, 4, 7, 1),
(53, 4, 8, 0),
(54, 4, 9, 0),
(55, 4, 10, 0),
(56, 4, 11, 0),
(57, 4, 12, 0),
(58, 4, 13, 0),
(59, 4, 14, 0),
(60, 4, 15, 0),
(61, 5, 1, 0),
(62, 5, 2, 0),
(63, 5, 3, 0),
(64, 5, 4, 0),
(65, 5, 5, 0),
(66, 5, 6, 0),
(67, 5, 7, 0),
(68, 5, 8, 0),
(69, 5, 9, 0),
(70, 5, 10, 0),
(71, 5, 11, 0),
(72, 5, 12, 0),
(73, 5, 13, 0),
(74, 5, 14, 1),
(75, 5, 15, 1),
(76, 6, 1, 1),
(77, 6, 2, 0),
(78, 6, 3, 0),
(79, 6, 4, 0),
(80, 6, 5, 0),
(81, 6, 6, 0),
(82, 6, 7, 0),
(83, 6, 8, 0),
(84, 6, 9, 1),
(85, 6, 10, 0),
(86, 6, 11, 0),
(87, 6, 12, 0),
(88, 6, 13, 0),
(89, 6, 14, 0),
(90, 6, 15, 0),
(91, 7, 1, 0),
(92, 7, 2, 0),
(93, 7, 3, 0),
(94, 7, 4, 1),
(95, 7, 5, 0),
(96, 7, 6, 0),
(97, 7, 7, 0),
(98, 7, 8, 0),
(99, 7, 9, 0),
(100, 7, 10, 1),
(101, 7, 11, 0),
(102, 7, 12, 0),
(103, 7, 13, 0),
(104, 7, 14, 0),
(105, 7, 15, 0),
(106, 8, 1, 0),
(107, 8, 2, 0),
(108, 8, 3, 0),
(109, 8, 4, 0),
(110, 8, 5, 0),
(111, 8, 6, 0),
(112, 8, 7, 1),
(113, 8, 8, 0),
(114, 8, 9, 1),
(115, 8, 10, 0),
(116, 8, 11, 0),
(117, 8, 12, 0),
(118, 8, 13, 0),
(119, 8, 14, 0),
(120, 8, 15, 0),
(121, 9, 1, 0),
(122, 9, 2, 0),
(123, 9, 3, 0),
(124, 9, 4, 0),
(125, 9, 5, 0),
(126, 9, 6, 1),
(127, 9, 7, 1),
(128, 9, 8, 0),
(129, 9, 9, 0),
(130, 9, 10, 0),
(131, 9, 11, 0),
(132, 9, 12, 0),
(133, 9, 13, 0),
(134, 9, 14, 0),
(135, 9, 15, 0),
(136, 10, 1, 1),
(137, 10, 2, 0),
(138, 10, 3, 0),
(139, 10, 4, 0),
(140, 10, 5, 0),
(141, 10, 6, 1),
(142, 10, 7, 0),
(143, 10, 8, 0),
(144, 10, 9, 0),
(145, 10, 10, 0),
(146, 10, 11, 0),
(147, 10, 12, 0),
(148, 10, 13, 0),
(149, 10, 14, 0),
(150, 10, 15, 0),
(151, 11, 1, 0),
(152, 11, 2, 0),
(153, 11, 3, 0),
(154, 11, 4, 0),
(155, 11, 5, 1),
(156, 11, 6, 1),
(157, 11, 7, 0),
(158, 11, 8, 0),
(159, 11, 9, 0),
(160, 11, 10, 0),
(161, 11, 11, 0),
(162, 11, 12, 0),
(163, 11, 13, 0),
(164, 11, 14, 0),
(165, 11, 15, 0),
(166, 12, 1, 0),
(167, 12, 2, 0),
(168, 12, 3, 0),
(169, 12, 4, 0),
(170, 12, 5, 0),
(171, 12, 6, 1),
(172, 12, 7, 0),
(173, 12, 8, 1),
(174, 12, 9, 0),
(175, 12, 10, 0),
(176, 12, 11, 0),
(177, 12, 12, 0),
(178, 12, 13, 0),
(179, 12, 14, 0),
(180, 12, 15, 0),
(181, 13, 1, 0),
(182, 13, 2, 0),
(183, 13, 3, 0),
(184, 13, 4, 0),
(185, 13, 5, 1),
(186, 13, 6, 0),
(187, 13, 7, 0),
(188, 13, 8, 1),
(189, 13, 9, 0),
(190, 13, 10, 0),
(191, 13, 11, 0),
(192, 13, 12, 0),
(193, 13, 13, 0),
(194, 13, 14, 0),
(195, 13, 15, 0),
(196, 14, 1, 1),
(197, 14, 2, 0),
(198, 14, 3, 0),
(199, 14, 4, 0),
(200, 14, 5, 0),
(201, 14, 6, 1),
(202, 14, 7, 0),
(203, 14, 8, 0),
(204, 14, 9, 0),
(205, 14, 10, 0),
(206, 14, 11, 0),
(207, 14, 12, 0),
(208, 14, 13, 0),
(209, 14, 14, 0),
(210, 14, 15, 0),
(211, 15, 1, 1),
(212, 15, 2, 0),
(213, 15, 3, 0),
(214, 15, 4, 0),
(215, 15, 5, 0),
(216, 15, 6, 0),
(217, 15, 7, 0),
(218, 15, 8, 0),
(219, 15, 9, 1),
(220, 15, 10, 0),
(221, 15, 11, 0),
(222, 15, 12, 0),
(223, 15, 13, 0),
(224, 15, 14, 0),
(225, 15, 15, 0),
(226, 16, 1, 0),
(227, 16, 2, 1),
(228, 16, 3, 0),
(229, 16, 4, 0),
(230, 16, 5, 0),
(231, 16, 6, 0),
(232, 16, 7, 0),
(233, 16, 8, 0),
(234, 16, 9, 0),
(235, 16, 10, 1),
(236, 16, 11, 0),
(237, 16, 12, 0),
(238, 16, 13, 0),
(239, 16, 14, 0),
(240, 16, 15, 0),
(241, 17, 1, 0),
(242, 17, 2, 0),
(243, 17, 3, 0),
(244, 17, 4, 0),
(245, 17, 5, 0),
(246, 17, 6, 0),
(247, 17, 7, 1),
(248, 17, 8, 0),
(249, 17, 9, 1),
(250, 17, 10, 0),
(251, 17, 11, 0),
(252, 17, 12, 0),
(253, 17, 13, 0),
(254, 17, 14, 0),
(255, 17, 15, 0),
(256, 18, 1, 0),
(257, 18, 2, 0),
(258, 18, 3, 0),
(259, 18, 4, 0),
(260, 18, 5, 0),
(261, 18, 6, 1),
(262, 18, 7, 1),
(263, 18, 8, 0),
(264, 18, 9, 0),
(265, 18, 10, 0),
(266, 18, 11, 0),
(267, 18, 12, 0),
(268, 18, 13, 0),
(269, 18, 14, 0),
(270, 18, 15, 0),
(271, 19, 1, 0),
(272, 19, 2, 0),
(273, 19, 3, 0),
(274, 19, 4, 0),
(275, 19, 5, 0),
(276, 19, 6, 1),
(277, 19, 7, 0),
(278, 19, 8, 1),
(279, 19, 9, 0),
(280, 19, 10, 0),
(281, 19, 11, 0),
(282, 19, 12, 0),
(283, 19, 13, 0),
(284, 19, 14, 0),
(285, 19, 15, 0),
(286, 20, 1, 1),
(287, 20, 2, 0),
(288, 20, 3, 0),
(289, 20, 4, 0),
(290, 20, 5, 0),
(291, 20, 6, 0),
(292, 20, 7, 1),
(293, 20, 8, 0),
(294, 20, 9, 0),
(295, 20, 10, 0),
(296, 20, 11, 0),
(297, 20, 12, 0),
(298, 20, 13, 0),
(299, 20, 14, 0),
(300, 20, 15, 0),
(301, 21, 1, 0),
(302, 21, 2, 0),
(303, 21, 3, 0),
(304, 21, 4, 0),
(305, 21, 5, 0),
(306, 21, 6, 1),
(307, 21, 7, 1),
(308, 21, 8, 0),
(309, 21, 9, 0),
(310, 21, 10, 0),
(311, 21, 11, 0),
(312, 21, 12, 0),
(313, 21, 13, 0),
(314, 21, 14, 0),
(315, 21, 15, 0),
(316, 22, 1, 0),
(317, 22, 2, 0),
(318, 22, 3, 0),
(319, 22, 4, 0),
(320, 22, 5, 0),
(321, 22, 6, 1),
(322, 22, 7, 1),
(323, 22, 8, 0),
(324, 22, 9, 0),
(325, 22, 10, 0),
(326, 22, 11, 0),
(327, 22, 12, 0),
(328, 22, 13, 0),
(329, 22, 14, 0),
(330, 22, 15, 0),
(331, 23, 1, 0),
(332, 23, 2, 0),
(333, 23, 3, 0),
(334, 23, 4, 0),
(335, 23, 5, 0),
(336, 23, 6, 1),
(337, 23, 7, 0),
(338, 23, 8, 1),
(339, 23, 9, 0),
(340, 23, 10, 0),
(341, 23, 11, 0),
(342, 23, 12, 0),
(343, 23, 13, 0),
(344, 23, 14, 0),
(345, 23, 15, 0),
(346, 24, 1, 0),
(347, 24, 2, 0),
(348, 24, 3, 0),
(349, 24, 4, 0),
(350, 24, 5, 1),
(351, 24, 6, 1),
(352, 24, 7, 0),
(353, 24, 8, 0),
(354, 24, 9, 0),
(355, 24, 10, 0),
(356, 24, 11, 0),
(357, 24, 12, 0),
(358, 24, 13, 0),
(359, 24, 14, 0),
(360, 24, 15, 0),
(361, 25, 1, 1),
(362, 25, 2, 0),
(363, 25, 3, 0),
(364, 25, 4, 0),
(365, 25, 5, 0),
(366, 25, 6, 0),
(367, 25, 7, 1),
(368, 25, 8, 0),
(369, 25, 9, 0),
(370, 25, 10, 0),
(371, 25, 11, 0),
(372, 25, 12, 0),
(373, 25, 13, 0),
(374, 25, 14, 0),
(375, 25, 15, 0),
(376, 26, 1, 0),
(377, 26, 2, 0),
(378, 26, 3, 0),
(379, 26, 4, 0),
(380, 26, 5, 0),
(381, 26, 6, 1),
(382, 26, 7, 1),
(383, 26, 8, 0),
(384, 26, 9, 0),
(385, 26, 10, 0),
(386, 26, 11, 0),
(387, 26, 12, 0),
(388, 26, 13, 0),
(389, 26, 14, 0),
(390, 26, 15, 0),
(391, 27, 1, 0),
(392, 27, 2, 0),
(393, 27, 3, 0),
(394, 27, 4, 0),
(395, 27, 5, 0),
(396, 27, 6, 0),
(397, 27, 7, 1),
(398, 27, 8, 0),
(399, 27, 9, 1),
(400, 27, 10, 0),
(401, 27, 11, 0),
(402, 27, 12, 0),
(403, 27, 13, 0),
(404, 27, 14, 0),
(405, 27, 15, 0),
(406, 28, 1, 1),
(407, 28, 2, 0),
(408, 28, 3, 0),
(409, 28, 4, 0),
(410, 28, 5, 0),
(411, 28, 6, 0),
(412, 28, 7, 1),
(413, 28, 8, 0),
(414, 28, 9, 0),
(415, 28, 10, 0),
(416, 28, 11, 0),
(417, 28, 12, 0),
(418, 28, 13, 0),
(419, 28, 14, 0),
(420, 28, 15, 0),
(421, 29, 1, 0),
(422, 29, 2, 1),
(423, 29, 3, 0),
(424, 29, 4, 0),
(425, 29, 5, 0),
(426, 29, 6, 0),
(427, 29, 7, 0),
(428, 29, 8, 1),
(429, 29, 9, 0),
(430, 29, 10, 0),
(431, 29, 11, 0),
(432, 29, 12, 0),
(433, 29, 13, 0),
(434, 29, 14, 0),
(435, 29, 15, 0),
(436, 30, 1, 1),
(437, 30, 2, 0),
(438, 30, 3, 0),
(439, 30, 4, 0),
(440, 30, 5, 0),
(441, 30, 6, 1),
(442, 30, 7, 0),
(443, 30, 8, 0),
(444, 30, 9, 0),
(445, 30, 10, 0),
(446, 30, 11, 0),
(447, 30, 12, 0),
(448, 30, 13, 0),
(449, 30, 14, 0),
(450, 30, 15, 0),
(451, 31, 1, 1),
(452, 31, 2, 0),
(453, 31, 3, 0),
(454, 31, 4, 0),
(455, 31, 5, 0),
(456, 31, 6, 0),
(457, 31, 7, 1),
(458, 31, 8, 0),
(459, 31, 9, 0),
(460, 31, 10, 0),
(461, 31, 11, 0),
(462, 31, 12, 0),
(463, 31, 13, 0),
(464, 31, 14, 0),
(465, 31, 15, 0),
(466, 32, 1, 1),
(467, 32, 2, 0),
(468, 32, 3, 0),
(469, 32, 4, 0),
(470, 32, 5, 0),
(471, 32, 6, 1),
(472, 32, 7, 0),
(473, 32, 8, 0),
(474, 32, 9, 0),
(475, 32, 10, 0),
(476, 32, 11, 0),
(477, 32, 12, 0),
(478, 32, 13, 0),
(479, 32, 14, 0),
(480, 32, 15, 0),
(481, 33, 1, 0),
(482, 33, 2, 0),
(483, 33, 3, 0),
(484, 33, 4, 0),
(485, 33, 5, 0),
(486, 33, 6, 1),
(487, 33, 7, 0),
(488, 33, 8, 0),
(489, 33, 9, 1),
(490, 33, 10, 0),
(491, 33, 11, 0),
(492, 33, 12, 0),
(493, 33, 13, 0),
(494, 33, 14, 0),
(495, 33, 15, 0),
(496, 34, 1, 1),
(497, 34, 2, 0),
(498, 34, 3, 0),
(499, 34, 4, 0),
(500, 34, 5, 0),
(501, 34, 6, 0),
(502, 34, 7, 1),
(503, 34, 8, 0),
(504, 34, 9, 0),
(505, 34, 10, 0),
(506, 34, 11, 0),
(507, 34, 12, 0),
(508, 34, 13, 0),
(509, 34, 14, 0),
(510, 34, 15, 0),
(511, 35, 1, 0),
(512, 35, 2, 0),
(513, 35, 3, 0),
(514, 35, 4, 0),
(515, 35, 5, 0),
(516, 35, 6, 1),
(517, 35, 7, 1),
(518, 35, 8, 0),
(519, 35, 9, 0),
(520, 35, 10, 0),
(521, 35, 11, 0),
(522, 35, 12, 0),
(523, 35, 13, 0),
(524, 35, 14, 0),
(525, 35, 15, 0),
(526, 36, 1, 0),
(527, 36, 2, 0),
(528, 36, 3, 0),
(529, 36, 4, 0),
(530, 36, 5, 0),
(531, 36, 6, 0),
(532, 36, 7, 1),
(533, 36, 8, 0),
(534, 36, 9, 1),
(535, 36, 10, 0),
(536, 36, 11, 0),
(537, 36, 12, 0),
(538, 36, 13, 0),
(539, 36, 14, 0),
(540, 36, 15, 0),
(541, 37, 1, 1),
(542, 37, 2, 0),
(543, 37, 3, 0),
(544, 37, 4, 0),
(545, 37, 5, 0),
(546, 37, 6, 0),
(547, 37, 7, 0),
(548, 37, 8, 0),
(549, 37, 9, 1),
(550, 37, 10, 0),
(551, 37, 11, 0),
(552, 37, 12, 0),
(553, 37, 13, 0),
(554, 37, 14, 0),
(555, 37, 15, 0),
(556, 38, 1, 0),
(557, 38, 2, 1),
(558, 38, 3, 0),
(559, 38, 4, 0),
(560, 38, 5, 0),
(561, 38, 6, 1),
(562, 38, 7, 0),
(563, 38, 8, 0),
(564, 38, 9, 0),
(565, 38, 10, 0),
(566, 38, 11, 0),
(567, 38, 12, 0),
(568, 38, 13, 0),
(569, 38, 14, 0),
(570, 38, 15, 0),
(571, 39, 1, 1),
(572, 39, 2, 0),
(573, 39, 3, 0),
(574, 39, 4, 0),
(575, 39, 5, 0),
(576, 39, 6, 1),
(577, 39, 7, 0),
(578, 39, 8, 0),
(579, 39, 9, 0),
(580, 39, 10, 0),
(581, 39, 11, 0),
(582, 39, 12, 0),
(583, 39, 13, 0),
(584, 39, 14, 0),
(585, 39, 15, 0),
(586, 40, 1, 0),
(587, 40, 2, 0),
(588, 40, 3, 0),
(589, 40, 4, 0),
(590, 40, 5, 0),
(591, 40, 6, 1),
(592, 40, 7, 1),
(593, 40, 8, 0),
(594, 40, 9, 0),
(595, 40, 10, 0),
(596, 40, 11, 0),
(597, 40, 12, 0),
(598, 40, 13, 0),
(599, 40, 14, 0),
(600, 40, 15, 0),
(601, 41, 1, 1),
(602, 41, 2, 0),
(603, 41, 3, 0),
(604, 41, 4, 0),
(605, 41, 5, 0),
(606, 41, 6, 1),
(607, 41, 7, 0),
(608, 41, 8, 0),
(609, 41, 9, 0),
(610, 41, 10, 0),
(611, 41, 11, 0),
(612, 41, 12, 0),
(613, 41, 13, 0),
(614, 41, 14, 0),
(615, 41, 15, 0),
(616, 42, 1, 0),
(617, 42, 2, 0),
(618, 42, 3, 0),
(619, 42, 4, 0),
(620, 42, 5, 0),
(621, 42, 6, 1),
(622, 42, 7, 1),
(623, 42, 8, 0),
(624, 42, 9, 0),
(625, 42, 10, 0),
(626, 42, 11, 0),
(627, 42, 12, 0),
(628, 42, 13, 0),
(629, 42, 14, 0),
(630, 42, 15, 0),
(631, 43, 1, 0),
(632, 43, 2, 0),
(633, 43, 3, 0),
(634, 43, 4, 0),
(635, 43, 5, 0),
(636, 43, 6, 1),
(637, 43, 7, 1),
(638, 43, 8, 0),
(639, 43, 9, 0),
(640, 43, 10, 0),
(641, 43, 11, 0),
(642, 43, 12, 0),
(643, 43, 13, 0),
(644, 43, 14, 0),
(645, 43, 15, 0),
(646, 44, 1, 0),
(647, 44, 2, 0),
(648, 44, 3, 0),
(649, 44, 4, 0),
(650, 44, 5, 1),
(651, 44, 6, 1),
(652, 44, 7, 0),
(653, 44, 8, 0),
(654, 44, 9, 0),
(655, 44, 10, 0),
(656, 44, 11, 0),
(657, 44, 12, 0),
(658, 44, 13, 0),
(659, 44, 14, 0),
(660, 44, 15, 0),
(661, 45, 1, 1),
(662, 45, 2, 0),
(663, 45, 3, 0),
(664, 45, 4, 0),
(665, 45, 5, 0),
(666, 45, 6, 1),
(667, 45, 7, 0),
(668, 45, 8, 0),
(669, 45, 9, 0),
(670, 45, 10, 0),
(671, 45, 11, 0),
(672, 45, 12, 0),
(673, 45, 13, 0),
(674, 45, 14, 0),
(675, 45, 15, 0),
(676, 46, 1, 0),
(677, 46, 2, 0),
(678, 46, 3, 0),
(679, 46, 4, 1),
(680, 46, 5, 0),
(681, 46, 6, 0),
(682, 46, 7, 0),
(683, 46, 8, 0),
(684, 46, 9, 0),
(685, 46, 10, 0),
(686, 46, 11, 1),
(687, 46, 12, 0),
(688, 46, 13, 0),
(689, 46, 14, 0),
(690, 46, 15, 0),
(691, 47, 1, 1),
(692, 47, 2, 0),
(693, 47, 3, 0),
(694, 47, 4, 0),
(695, 47, 5, 0),
(696, 47, 6, 0),
(697, 47, 7, 0),
(698, 47, 8, 0),
(699, 47, 9, 1),
(700, 47, 10, 0),
(701, 47, 11, 0),
(702, 47, 12, 0),
(703, 47, 13, 0),
(704, 47, 14, 0),
(705, 47, 15, 0),
(706, 48, 1, 1),
(707, 48, 2, 0),
(708, 48, 3, 0),
(709, 48, 4, 0),
(710, 48, 5, 0),
(711, 48, 6, 0),
(712, 48, 7, 1),
(713, 48, 8, 0),
(714, 48, 9, 0),
(715, 48, 10, 0),
(716, 48, 11, 0),
(717, 48, 12, 0),
(718, 48, 13, 0),
(719, 48, 14, 0),
(720, 48, 15, 0),
(721, 49, 1, 0),
(722, 49, 2, 0),
(723, 49, 3, 0),
(724, 49, 4, 0),
(725, 49, 5, 0),
(726, 49, 6, 1),
(727, 49, 7, 1),
(728, 49, 8, 0),
(729, 49, 9, 0),
(730, 49, 10, 0),
(731, 49, 11, 0),
(732, 49, 12, 0),
(733, 49, 13, 0),
(734, 49, 14, 0),
(735, 49, 15, 0),
(736, 50, 1, 1),
(737, 50, 2, 0),
(738, 50, 3, 0),
(739, 50, 4, 0),
(740, 50, 5, 0),
(741, 50, 6, 1),
(742, 50, 7, 0),
(743, 50, 8, 0),
(744, 50, 9, 0),
(745, 50, 10, 0),
(746, 50, 11, 0),
(747, 50, 12, 0),
(748, 50, 13, 0),
(749, 50, 14, 0),
(750, 50, 15, 0),
(751, 51, 1, 1),
(752, 51, 2, 0),
(753, 51, 3, 0),
(754, 51, 4, 0),
(755, 51, 5, 0),
(756, 51, 6, 1),
(757, 51, 7, 0),
(758, 51, 8, 0),
(759, 51, 9, 0),
(760, 51, 10, 0),
(761, 51, 11, 0),
(762, 51, 12, 0),
(763, 51, 13, 0),
(764, 51, 14, 0),
(765, 51, 15, 0),
(766, 52, 1, 1),
(767, 52, 2, 0),
(768, 52, 3, 0),
(769, 52, 4, 0),
(770, 52, 5, 0),
(771, 52, 6, 0),
(772, 52, 7, 1),
(773, 52, 8, 0),
(774, 52, 9, 0),
(775, 52, 10, 0),
(776, 52, 11, 0),
(777, 52, 12, 0),
(778, 52, 13, 0),
(779, 52, 14, 0),
(780, 52, 15, 0),
(781, 53, 1, 0),
(782, 53, 2, 0),
(783, 53, 3, 0),
(784, 53, 4, 0),
(785, 53, 5, 0),
(786, 53, 6, 1),
(787, 53, 7, 1),
(788, 53, 8, 0),
(789, 53, 9, 0),
(790, 53, 10, 0),
(791, 53, 11, 0),
(792, 53, 12, 0),
(793, 53, 13, 0),
(794, 53, 14, 0),
(795, 53, 15, 0),
(796, 54, 1, 1),
(797, 54, 2, 0),
(798, 54, 3, 0),
(799, 54, 4, 0),
(800, 54, 5, 0),
(801, 54, 6, 0),
(802, 54, 7, 1),
(803, 54, 8, 0),
(804, 54, 9, 0),
(805, 54, 10, 0),
(806, 54, 11, 0),
(807, 54, 12, 0),
(808, 54, 13, 0),
(809, 54, 14, 0),
(810, 54, 15, 0),
(811, 55, 1, 0),
(812, 55, 2, 0),
(813, 55, 3, 0),
(814, 55, 4, 0),
(815, 55, 5, 1),
(816, 55, 6, 1),
(817, 55, 7, 0),
(818, 55, 8, 0),
(819, 55, 9, 0),
(820, 55, 10, 0),
(821, 55, 11, 0),
(822, 55, 12, 0),
(823, 55, 13, 0),
(824, 55, 14, 0),
(825, 55, 15, 0),
(826, 56, 1, 1),
(827, 56, 2, 0),
(828, 56, 3, 0),
(829, 56, 4, 0),
(830, 56, 5, 0),
(831, 56, 6, 0),
(832, 56, 7, 1),
(833, 56, 8, 0),
(834, 56, 9, 0),
(835, 56, 10, 0),
(836, 56, 11, 0),
(837, 56, 12, 0),
(838, 56, 13, 0),
(839, 56, 14, 0),
(840, 56, 15, 0),
(841, 57, 1, 0),
(842, 57, 2, 0),
(843, 57, 3, 0),
(844, 57, 4, 0),
(845, 57, 5, 1),
(846, 57, 6, 1),
(847, 57, 7, 0),
(848, 57, 8, 0),
(849, 57, 9, 0),
(850, 57, 10, 0),
(851, 57, 11, 0),
(852, 57, 12, 0),
(853, 57, 13, 0),
(854, 57, 14, 0),
(855, 57, 15, 0),
(856, 58, 1, 0),
(857, 58, 2, 0),
(858, 58, 3, 0),
(859, 58, 4, 0),
(860, 58, 5, 0),
(861, 58, 6, 1),
(862, 58, 7, 0),
(863, 58, 8, 1),
(864, 58, 9, 0),
(865, 58, 10, 0),
(866, 58, 11, 0),
(867, 58, 12, 0),
(868, 58, 13, 0),
(869, 58, 14, 0),
(870, 58, 15, 0),
(871, 59, 1, 0),
(872, 59, 2, 0),
(873, 59, 3, 0),
(874, 59, 4, 0),
(875, 59, 5, 0),
(876, 59, 6, 1),
(877, 59, 7, 0),
(878, 59, 8, 0),
(879, 59, 9, 1),
(880, 59, 10, 0),
(881, 59, 11, 0),
(882, 59, 12, 0),
(883, 59, 13, 0),
(884, 59, 14, 0),
(885, 59, 15, 0),
(886, 60, 1, 1),
(887, 60, 2, 0),
(888, 60, 3, 0),
(889, 60, 4, 0),
(890, 60, 5, 0),
(891, 60, 6, 0),
(892, 60, 7, 0),
(893, 60, 8, 1),
(894, 60, 9, 0),
(895, 60, 10, 0),
(896, 60, 11, 0),
(897, 60, 12, 0),
(898, 60, 13, 0),
(899, 60, 14, 0),
(900, 60, 15, 0),
(901, 61, 1, 1),
(902, 61, 2, 0),
(903, 61, 3, 0),
(904, 61, 4, 0),
(905, 61, 5, 0),
(906, 61, 6, 1),
(907, 61, 7, 0),
(908, 61, 8, 0),
(909, 61, 9, 0),
(910, 61, 10, 0),
(911, 61, 11, 0),
(912, 61, 12, 0),
(913, 61, 13, 0),
(914, 61, 14, 0),
(915, 61, 15, 0),
(916, 62, 1, 0),
(917, 62, 2, 0),
(918, 62, 3, 0),
(919, 62, 4, 0),
(920, 62, 5, 1),
(921, 62, 6, 1),
(922, 62, 7, 0),
(923, 62, 8, 0),
(924, 62, 9, 0),
(925, 62, 10, 0),
(926, 62, 11, 0),
(927, 62, 12, 0),
(928, 62, 13, 0),
(929, 62, 14, 0),
(930, 62, 15, 0),
(931, 63, 1, 1),
(932, 63, 2, 0),
(933, 63, 3, 0),
(934, 63, 4, 0),
(935, 63, 5, 0),
(936, 63, 6, 0),
(937, 63, 7, 1),
(938, 63, 8, 0),
(939, 63, 9, 0),
(940, 63, 10, 0),
(941, 63, 11, 0),
(942, 63, 12, 0),
(943, 63, 13, 0),
(944, 63, 14, 0),
(945, 63, 15, 0),
(946, 64, 1, 0),
(947, 64, 2, 0),
(948, 64, 3, 0),
(949, 64, 4, 0),
(950, 64, 5, 0),
(951, 64, 6, 1),
(952, 64, 7, 0),
(953, 64, 8, 1),
(954, 64, 9, 0),
(955, 64, 10, 0),
(956, 64, 11, 0),
(957, 64, 12, 0),
(958, 64, 13, 0),
(959, 64, 14, 0),
(960, 64, 15, 0),
(961, 65, 1, 1),
(962, 65, 2, 0),
(963, 65, 3, 0),
(964, 65, 4, 0),
(965, 65, 5, 0),
(966, 65, 6, 0),
(967, 65, 7, 1),
(968, 65, 8, 0),
(969, 65, 9, 0),
(970, 65, 10, 0),
(971, 65, 11, 0),
(972, 65, 12, 0),
(973, 65, 13, 0),
(974, 65, 14, 0),
(975, 65, 15, 0),
(976, 66, 1, 0),
(977, 66, 2, 0),
(978, 66, 3, 0),
(979, 66, 4, 0),
(980, 66, 5, 0),
(981, 66, 6, 1),
(982, 66, 7, 0),
(983, 66, 8, 1),
(984, 66, 9, 0),
(985, 66, 10, 0),
(986, 66, 11, 0),
(987, 66, 12, 0),
(988, 66, 13, 0),
(989, 66, 14, 0),
(990, 66, 15, 0),
(991, 67, 1, 1),
(992, 67, 2, 0),
(993, 67, 3, 0),
(994, 67, 4, 0),
(995, 67, 5, 0),
(996, 67, 6, 1),
(997, 67, 7, 0),
(998, 67, 8, 0),
(999, 67, 9, 0),
(1000, 67, 10, 0),
(1001, 67, 11, 0),
(1002, 67, 12, 0),
(1003, 67, 13, 0),
(1004, 67, 14, 0),
(1005, 67, 15, 0),
(1006, 68, 1, 0),
(1007, 68, 2, 0),
(1008, 68, 3, 0),
(1009, 68, 4, 0),
(1010, 68, 5, 1),
(1011, 68, 6, 1),
(1012, 68, 7, 0),
(1013, 68, 8, 0),
(1014, 68, 9, 0),
(1015, 68, 10, 0),
(1016, 68, 11, 0),
(1017, 68, 12, 0),
(1018, 68, 13, 0),
(1019, 68, 14, 0),
(1020, 68, 15, 0),
(1021, 69, 1, 1),
(1022, 69, 2, 0),
(1023, 69, 3, 0),
(1024, 69, 4, 0),
(1025, 69, 5, 0),
(1026, 69, 6, 0),
(1027, 69, 7, 1),
(1028, 69, 8, 0),
(1029, 69, 9, 0),
(1030, 69, 10, 0),
(1031, 69, 11, 0),
(1032, 69, 12, 0),
(1033, 69, 13, 0),
(1034, 69, 14, 0),
(1035, 69, 15, 0),
(1036, 70, 1, 1),
(1037, 70, 2, 0),
(1038, 70, 3, 0),
(1039, 70, 4, 0),
(1040, 70, 5, 0),
(1041, 70, 6, 0),
(1042, 70, 7, 1),
(1043, 70, 8, 0),
(1044, 70, 9, 0),
(1045, 70, 10, 0),
(1046, 70, 11, 0),
(1047, 70, 12, 0),
(1048, 70, 13, 0),
(1049, 70, 14, 0),
(1050, 70, 15, 0),
(1051, 71, 1, 0),
(1052, 71, 2, 0),
(1053, 71, 3, 0),
(1054, 71, 4, 0),
(1055, 71, 5, 1),
(1056, 71, 6, 1),
(1057, 71, 7, 0),
(1058, 71, 8, 0),
(1059, 71, 9, 0),
(1060, 71, 10, 0),
(1061, 71, 11, 0),
(1062, 71, 12, 0),
(1063, 71, 13, 0),
(1064, 71, 14, 0),
(1065, 71, 15, 0),
(1066, 72, 1, 1),
(1067, 72, 2, 0),
(1068, 72, 3, 0),
(1069, 72, 4, 0),
(1070, 72, 5, 0),
(1071, 72, 6, 1),
(1072, 72, 7, 0),
(1073, 72, 8, 0),
(1074, 72, 9, 0),
(1075, 72, 10, 0),
(1076, 72, 11, 0),
(1077, 72, 12, 0),
(1078, 72, 13, 0),
(1079, 72, 14, 0),
(1080, 72, 15, 0),
(1081, 73, 1, 0),
(1082, 73, 2, 0),
(1083, 73, 3, 0),
(1084, 73, 4, 0),
(1085, 73, 5, 0),
(1086, 73, 6, 1),
(1087, 73, 7, 0),
(1088, 73, 8, 1),
(1089, 73, 9, 0),
(1090, 73, 10, 0),
(1091, 73, 11, 0),
(1092, 73, 12, 0),
(1093, 73, 13, 0),
(1094, 73, 14, 0),
(1095, 73, 15, 0),
(1096, 74, 1, 0),
(1097, 74, 2, 0),
(1098, 74, 3, 0),
(1099, 74, 4, 0),
(1100, 74, 5, 1),
(1101, 74, 6, 1),
(1102, 74, 7, 0),
(1103, 74, 8, 0),
(1104, 74, 9, 0),
(1105, 74, 10, 0),
(1106, 74, 11, 0),
(1107, 74, 12, 0),
(1108, 74, 13, 0),
(1109, 74, 14, 0),
(1110, 74, 15, 0),
(1111, 75, 1, 0),
(1112, 75, 2, 0),
(1113, 75, 3, 0),
(1114, 75, 4, 0),
(1115, 75, 5, 0),
(1116, 75, 6, 1),
(1117, 75, 7, 1),
(1118, 75, 8, 0),
(1119, 75, 9, 0),
(1120, 75, 10, 0),
(1121, 75, 11, 0),
(1122, 75, 12, 0),
(1123, 75, 13, 0),
(1124, 75, 14, 0),
(1125, 75, 15, 0),
(1126, 76, 1, 1),
(1127, 76, 2, 0),
(1128, 76, 3, 0),
(1129, 76, 4, 0),
(1130, 76, 5, 0),
(1131, 76, 6, 0),
(1132, 76, 7, 1),
(1133, 76, 8, 0),
(1134, 76, 9, 0),
(1135, 76, 10, 0),
(1136, 76, 11, 0),
(1137, 76, 12, 0),
(1138, 76, 13, 0),
(1139, 76, 14, 0),
(1140, 76, 15, 0),
(1141, 77, 1, 1),
(1142, 77, 2, 0),
(1143, 77, 3, 0),
(1144, 77, 4, 0),
(1145, 77, 5, 0),
(1146, 77, 6, 1),
(1147, 77, 7, 0),
(1148, 77, 8, 0),
(1149, 77, 9, 0),
(1150, 77, 10, 0),
(1151, 77, 11, 0),
(1152, 77, 12, 0),
(1153, 77, 13, 0),
(1154, 77, 14, 0),
(1155, 77, 15, 0),
(1156, 78, 1, 1),
(1157, 78, 2, 0),
(1158, 78, 3, 0),
(1159, 78, 4, 0),
(1160, 78, 5, 0),
(1161, 78, 6, 1),
(1162, 78, 7, 0),
(1163, 78, 8, 0),
(1164, 78, 9, 0),
(1165, 78, 10, 0),
(1166, 78, 11, 0),
(1167, 78, 12, 0),
(1168, 78, 13, 0),
(1169, 78, 14, 0),
(1170, 78, 15, 0),
(1171, 79, 1, 1),
(1172, 79, 2, 0),
(1173, 79, 3, 0),
(1174, 79, 4, 0),
(1175, 79, 5, 0),
(1176, 79, 6, 0),
(1177, 79, 7, 1),
(1178, 79, 8, 0),
(1179, 79, 9, 0),
(1180, 79, 10, 0),
(1181, 79, 11, 0),
(1182, 79, 12, 0),
(1183, 79, 13, 0),
(1184, 79, 14, 0),
(1185, 79, 15, 0),
(1186, 80, 1, 0),
(1187, 80, 2, 0),
(1188, 80, 3, 0),
(1189, 80, 4, 0),
(1190, 80, 5, 0),
(1191, 80, 6, 1),
(1192, 80, 7, 0),
(1193, 80, 8, 1),
(1194, 80, 9, 0),
(1195, 80, 10, 0),
(1196, 80, 11, 0),
(1197, 80, 12, 0),
(1198, 80, 13, 0),
(1199, 80, 14, 0),
(1200, 80, 15, 0),
(1201, 81, 1, 0),
(1202, 81, 2, 0),
(1203, 81, 3, 0),
(1204, 81, 4, 0),
(1205, 81, 5, 1),
(1206, 81, 6, 1),
(1207, 81, 7, 0),
(1208, 81, 8, 0),
(1209, 81, 9, 0),
(1210, 81, 10, 0),
(1211, 81, 11, 0),
(1212, 81, 12, 0),
(1213, 81, 13, 0),
(1214, 81, 14, 0),
(1215, 81, 15, 0),
(1216, 82, 1, 1),
(1217, 82, 2, 0),
(1218, 82, 3, 0),
(1219, 82, 4, 0),
(1220, 82, 5, 0),
(1221, 82, 6, 1),
(1222, 82, 7, 0),
(1223, 82, 8, 0),
(1224, 82, 9, 0),
(1225, 82, 10, 0),
(1226, 82, 11, 0),
(1227, 82, 12, 0),
(1228, 82, 13, 0),
(1229, 82, 14, 0),
(1230, 82, 15, 0),
(1231, 83, 1, 0),
(1232, 83, 2, 0),
(1233, 83, 3, 0),
(1234, 83, 4, 0),
(1235, 83, 5, 0),
(1236, 83, 6, 1),
(1237, 83, 7, 1),
(1238, 83, 8, 0),
(1239, 83, 9, 0),
(1240, 83, 10, 0),
(1241, 83, 11, 0),
(1242, 83, 12, 0),
(1243, 83, 13, 0),
(1244, 83, 14, 0),
(1245, 83, 15, 0),
(1246, 84, 1, 1),
(1247, 84, 2, 0),
(1248, 84, 3, 0),
(1249, 84, 4, 0),
(1250, 84, 5, 0),
(1251, 84, 6, 0),
(1252, 84, 7, 1),
(1253, 84, 8, 0),
(1254, 84, 9, 0),
(1255, 84, 10, 0),
(1256, 84, 11, 0),
(1257, 84, 12, 0),
(1258, 84, 13, 0),
(1259, 84, 14, 0),
(1260, 84, 15, 0),
(1261, 85, 1, 0),
(1262, 85, 2, 0),
(1263, 85, 3, 0),
(1264, 85, 4, 0),
(1265, 85, 5, 0),
(1266, 85, 6, 1),
(1267, 85, 7, 1),
(1268, 85, 8, 0),
(1269, 85, 9, 0),
(1270, 85, 10, 0),
(1271, 85, 11, 0),
(1272, 85, 12, 0),
(1273, 85, 13, 0),
(1274, 85, 14, 0),
(1275, 85, 15, 0),
(1276, 86, 1, 1),
(1277, 86, 2, 0),
(1278, 86, 3, 0),
(1279, 86, 4, 0),
(1280, 86, 5, 1),
(1281, 86, 6, 0),
(1282, 86, 7, 0),
(1283, 86, 8, 0),
(1284, 86, 9, 0),
(1285, 86, 10, 0),
(1286, 86, 11, 0),
(1287, 86, 12, 0),
(1288, 86, 13, 0),
(1289, 86, 14, 0),
(1290, 86, 15, 0),
(1291, 87, 1, 1),
(1292, 87, 2, 0),
(1293, 87, 3, 0),
(1294, 87, 4, 0),
(1295, 87, 5, 0),
(1296, 87, 6, 0),
(1297, 87, 7, 1),
(1298, 87, 8, 0),
(1299, 87, 9, 0),
(1300, 87, 10, 0),
(1301, 87, 11, 0),
(1302, 87, 12, 0),
(1303, 87, 13, 0),
(1304, 87, 14, 0),
(1305, 87, 15, 0),
(1306, 88, 1, 0),
(1307, 88, 2, 0),
(1308, 88, 3, 0),
(1309, 88, 4, 0),
(1310, 88, 5, 0),
(1311, 88, 6, 1),
(1312, 88, 7, 0),
(1313, 88, 8, 1),
(1314, 88, 9, 0),
(1315, 88, 10, 0),
(1316, 88, 11, 0),
(1317, 88, 12, 0),
(1318, 88, 13, 0),
(1319, 88, 14, 0),
(1320, 88, 15, 0),
(1321, 89, 1, 1),
(1322, 89, 2, 0),
(1323, 89, 3, 0),
(1324, 89, 4, 0),
(1325, 89, 5, 0),
(1326, 89, 6, 1),
(1327, 89, 7, 0),
(1328, 89, 8, 0),
(1329, 89, 9, 0),
(1330, 89, 10, 0),
(1331, 89, 11, 0),
(1332, 89, 12, 0),
(1333, 89, 13, 0),
(1334, 89, 14, 0),
(1335, 89, 15, 0),
(1336, 90, 1, 0),
(1337, 90, 2, 0),
(1338, 90, 3, 0),
(1339, 90, 4, 0),
(1340, 90, 5, 0),
(1341, 90, 6, 1),
(1342, 90, 7, 0),
(1343, 90, 8, 0),
(1344, 90, 9, 0),
(1345, 90, 10, 1),
(1346, 90, 11, 0),
(1347, 90, 12, 0),
(1348, 90, 13, 0),
(1349, 90, 14, 0),
(1350, 90, 15, 0),
(1351, 91, 1, 1),
(1352, 91, 2, 0),
(1353, 91, 3, 0),
(1354, 91, 4, 0),
(1355, 91, 5, 0),
(1356, 91, 6, 0),
(1357, 91, 7, 1),
(1358, 91, 8, 0),
(1359, 91, 9, 0),
(1360, 91, 10, 0),
(1361, 91, 11, 0),
(1362, 91, 12, 0),
(1363, 91, 13, 0),
(1364, 91, 14, 0),
(1365, 91, 15, 0),
(1366, 92, 1, 1),
(1367, 92, 2, 0),
(1368, 92, 3, 0),
(1369, 92, 4, 0),
(1370, 92, 5, 0),
(1371, 92, 6, 1),
(1372, 92, 7, 0),
(1373, 92, 8, 0),
(1374, 92, 9, 0),
(1375, 92, 10, 0),
(1376, 92, 11, 0),
(1377, 92, 12, 0),
(1378, 92, 13, 0),
(1379, 92, 14, 0),
(1380, 92, 15, 0),
(1381, 93, 1, 1),
(1382, 93, 2, 0),
(1383, 93, 3, 0),
(1384, 93, 4, 0),
(1385, 93, 5, 0),
(1386, 93, 6, 0),
(1387, 93, 7, 1),
(1388, 93, 8, 0),
(1389, 93, 9, 0),
(1390, 93, 10, 0),
(1391, 93, 11, 0),
(1392, 93, 12, 0),
(1393, 93, 13, 0),
(1394, 93, 14, 0),
(1395, 93, 15, 0),
(1396, 94, 1, 1),
(1397, 94, 2, 0),
(1398, 94, 3, 0),
(1399, 94, 4, 0),
(1400, 94, 5, 0),
(1401, 94, 6, 1),
(1402, 94, 7, 0),
(1403, 94, 8, 0),
(1404, 94, 9, 0),
(1405, 94, 10, 0),
(1406, 94, 11, 0),
(1407, 94, 12, 0),
(1408, 94, 13, 0),
(1409, 94, 14, 0),
(1410, 94, 15, 0),
(1411, 95, 1, 1),
(1412, 95, 2, 0),
(1413, 95, 3, 0),
(1414, 95, 4, 0),
(1415, 95, 5, 0),
(1416, 95, 6, 0),
(1417, 95, 7, 0),
(1418, 95, 8, 0),
(1419, 95, 9, 1),
(1420, 95, 10, 0),
(1421, 95, 11, 0),
(1422, 95, 12, 0),
(1423, 95, 13, 0),
(1424, 95, 14, 0),
(1425, 95, 15, 0),
(1426, 96, 1, 1),
(1427, 96, 2, 0),
(1428, 96, 3, 0),
(1429, 96, 4, 0),
(1430, 96, 5, 0),
(1431, 96, 6, 0),
(1432, 96, 7, 1),
(1433, 96, 8, 0),
(1434, 96, 9, 0),
(1435, 96, 10, 0),
(1436, 96, 11, 0),
(1437, 96, 12, 0),
(1438, 96, 13, 0),
(1439, 96, 14, 0),
(1440, 96, 15, 0),
(1441, 97, 1, 0),
(1442, 97, 2, 0),
(1443, 97, 3, 0),
(1444, 97, 4, 0),
(1445, 97, 5, 0),
(1446, 97, 6, 0),
(1447, 97, 7, 0),
(1448, 97, 8, 0),
(1449, 97, 9, 0),
(1450, 97, 10, 0),
(1451, 97, 11, 0),
(1452, 97, 12, 0),
(1453, 97, 13, 1),
(1454, 97, 14, 1),
(1455, 97, 15, 0),
(1456, 98, 1, 0),
(1457, 98, 2, 0),
(1458, 98, 3, 0),
(1459, 98, 4, 0),
(1460, 98, 5, 1),
(1461, 98, 6, 0),
(1462, 98, 7, 0),
(1463, 98, 8, 0),
(1464, 98, 9, 1),
(1465, 98, 10, 0),
(1466, 98, 11, 0),
(1467, 98, 12, 0),
(1468, 98, 13, 0),
(1469, 98, 14, 0),
(1470, 98, 15, 0),
(1471, 99, 1, 1),
(1472, 99, 2, 0),
(1473, 99, 3, 0),
(1474, 99, 4, 0),
(1475, 99, 5, 0),
(1476, 99, 6, 0),
(1477, 99, 7, 1),
(1478, 99, 8, 0),
(1479, 99, 9, 0),
(1480, 99, 10, 0),
(1481, 99, 11, 0),
(1482, 99, 12, 0),
(1483, 99, 13, 0),
(1484, 99, 14, 0),
(1485, 99, 15, 0),
(1486, 100, 1, 0),
(1487, 100, 2, 0),
(1488, 100, 3, 0),
(1489, 100, 4, 0),
(1490, 100, 5, 0),
(1491, 100, 6, 1),
(1492, 100, 7, 0),
(1493, 100, 8, 0),
(1494, 100, 9, 1),
(1495, 100, 10, 0),
(1496, 100, 11, 0),
(1497, 100, 12, 0),
(1498, 100, 13, 0),
(1499, 100, 14, 0),
(1500, 100, 15, 0),
(1501, 101, 1, 1),
(1502, 101, 2, 0),
(1503, 101, 3, 0),
(1504, 101, 4, 0),
(1505, 101, 5, 0),
(1506, 101, 6, 0),
(1507, 101, 7, 1),
(1508, 101, 8, 0),
(1509, 101, 9, 0),
(1510, 101, 10, 0),
(1511, 101, 11, 0),
(1512, 101, 12, 0),
(1513, 101, 13, 0),
(1514, 101, 14, 0),
(1515, 101, 15, 0),
(1516, 102, 1, 1),
(1517, 102, 2, 0),
(1518, 102, 3, 0),
(1519, 102, 4, 0),
(1520, 102, 5, 0),
(1521, 102, 6, 1),
(1522, 102, 7, 0),
(1523, 102, 8, 0),
(1524, 102, 9, 0),
(1525, 102, 10, 0),
(1526, 102, 11, 0),
(1527, 102, 12, 0),
(1528, 102, 13, 0),
(1529, 102, 14, 0),
(1530, 102, 15, 0),
(1531, 103, 1, 1),
(1532, 103, 2, 0),
(1533, 103, 3, 0),
(1534, 103, 4, 0),
(1535, 103, 5, 0),
(1536, 103, 6, 0),
(1537, 103, 7, 1),
(1538, 103, 8, 0),
(1539, 103, 9, 0),
(1540, 103, 10, 0),
(1541, 103, 11, 0),
(1542, 103, 12, 0),
(1543, 103, 13, 0),
(1544, 103, 14, 0),
(1545, 103, 15, 0),
(1546, 104, 1, 1),
(1547, 104, 2, 0),
(1548, 104, 3, 0),
(1549, 104, 4, 0),
(1550, 104, 5, 0),
(1551, 104, 6, 1),
(1552, 104, 7, 0),
(1553, 104, 8, 0),
(1554, 104, 9, 0),
(1555, 104, 10, 0),
(1556, 104, 11, 0),
(1557, 104, 12, 0),
(1558, 104, 13, 0),
(1559, 104, 14, 0),
(1560, 104, 15, 0),
(1561, 105, 1, 0),
(1562, 105, 2, 0),
(1563, 105, 3, 0),
(1564, 105, 4, 0),
(1565, 105, 5, 0),
(1566, 105, 6, 1),
(1567, 105, 7, 0),
(1568, 105, 8, 1),
(1569, 105, 9, 0),
(1570, 105, 10, 0),
(1571, 105, 11, 0),
(1572, 105, 12, 0),
(1573, 105, 13, 0),
(1574, 105, 14, 0),
(1575, 105, 15, 0),
(1576, 106, 1, 0),
(1577, 106, 2, 0),
(1578, 106, 3, 0),
(1579, 106, 4, 0),
(1580, 106, 5, 0),
(1581, 106, 6, 1),
(1582, 106, 7, 1),
(1583, 106, 8, 0),
(1584, 106, 9, 0),
(1585, 106, 10, 0),
(1586, 106, 11, 0),
(1587, 106, 12, 0),
(1588, 106, 13, 0),
(1589, 106, 14, 0),
(1590, 106, 15, 0),
(1591, 107, 1, 0),
(1592, 107, 2, 0),
(1593, 107, 3, 0),
(1594, 107, 4, 0),
(1595, 107, 5, 0),
(1596, 107, 6, 1),
(1597, 107, 7, 1),
(1598, 107, 8, 0),
(1599, 107, 9, 0),
(1600, 107, 10, 0),
(1601, 107, 11, 0),
(1602, 107, 12, 0),
(1603, 107, 13, 0),
(1604, 107, 14, 0),
(1605, 107, 15, 0),
(1606, 108, 1, 0),
(1607, 108, 2, 0),
(1608, 108, 3, 0),
(1609, 108, 4, 0),
(1610, 108, 5, 0),
(1611, 108, 6, 0),
(1612, 108, 7, 1),
(1613, 108, 8, 1),
(1614, 108, 9, 0),
(1615, 108, 10, 0),
(1616, 108, 11, 0),
(1617, 108, 12, 0),
(1618, 108, 13, 0),
(1619, 108, 14, 0),
(1620, 108, 15, 0),
(1621, 109, 1, 1),
(1622, 109, 2, 0),
(1623, 109, 3, 0),
(1624, 109, 4, 0),
(1625, 109, 5, 0),
(1626, 109, 6, 0),
(1627, 109, 7, 1),
(1628, 109, 8, 0),
(1629, 109, 9, 0),
(1630, 109, 10, 0),
(1631, 109, 11, 0),
(1632, 109, 12, 0),
(1633, 109, 13, 0),
(1634, 109, 14, 0),
(1635, 109, 15, 0),
(1636, 110, 1, 1),
(1637, 110, 2, 0),
(1638, 110, 3, 0),
(1639, 110, 4, 0),
(1640, 110, 5, 0),
(1641, 110, 6, 1),
(1642, 110, 7, 0),
(1643, 110, 8, 0),
(1644, 110, 9, 0),
(1645, 110, 10, 0),
(1646, 110, 11, 0),
(1647, 110, 12, 0),
(1648, 110, 13, 0),
(1649, 110, 14, 0),
(1650, 110, 15, 0),
(1651, 111, 1, 1),
(1652, 111, 2, 0),
(1653, 111, 3, 0),
(1654, 111, 4, 0),
(1655, 111, 5, 0),
(1656, 111, 6, 0),
(1657, 111, 7, 1),
(1658, 111, 8, 0),
(1659, 111, 9, 0),
(1660, 111, 10, 0),
(1661, 111, 11, 0),
(1662, 111, 12, 0),
(1663, 111, 13, 0),
(1664, 111, 14, 0),
(1665, 111, 15, 0),
(1666, 112, 1, 1),
(1667, 112, 2, 0),
(1668, 112, 3, 0),
(1669, 112, 4, 0),
(1670, 112, 5, 0),
(1671, 112, 6, 0),
(1672, 112, 7, 1),
(1673, 112, 8, 0),
(1674, 112, 9, 0),
(1675, 112, 10, 0),
(1676, 112, 11, 0),
(1677, 112, 12, 0),
(1678, 112, 13, 0),
(1679, 112, 14, 0),
(1680, 112, 15, 0),
(1681, 113, 1, 0),
(1682, 113, 2, 0),
(1683, 113, 3, 0),
(1684, 113, 4, 0),
(1685, 113, 5, 1),
(1686, 113, 6, 1),
(1687, 113, 7, 0),
(1688, 113, 8, 0),
(1689, 113, 9, 0),
(1690, 113, 10, 0),
(1691, 113, 11, 0),
(1692, 113, 12, 0),
(1693, 113, 13, 0),
(1694, 113, 14, 0),
(1695, 113, 15, 0),
(1696, 114, 1, 1),
(1697, 114, 2, 0),
(1698, 114, 3, 0),
(1699, 114, 4, 0),
(1700, 114, 5, 0),
(1701, 114, 6, 0),
(1702, 114, 7, 1),
(1703, 114, 8, 0),
(1704, 114, 9, 0),
(1705, 114, 10, 0),
(1706, 114, 11, 0),
(1707, 114, 12, 0),
(1708, 114, 13, 0),
(1709, 114, 14, 0),
(1710, 114, 15, 0),
(1711, 115, 1, 0),
(1712, 115, 2, 0),
(1713, 115, 3, 0),
(1714, 115, 4, 0),
(1715, 115, 5, 0),
(1716, 115, 6, 1),
(1717, 115, 7, 1),
(1718, 115, 8, 0),
(1719, 115, 9, 0),
(1720, 115, 10, 0),
(1721, 115, 11, 0),
(1722, 115, 12, 0),
(1723, 115, 13, 0),
(1724, 115, 14, 0),
(1725, 115, 15, 0),
(1726, 116, 1, 0),
(1727, 116, 2, 1),
(1728, 116, 3, 0),
(1729, 116, 4, 0),
(1730, 116, 5, 0),
(1731, 116, 6, 1),
(1732, 116, 7, 0),
(1733, 116, 8, 0),
(1734, 116, 9, 0),
(1735, 116, 10, 0),
(1736, 116, 11, 0),
(1737, 116, 12, 0),
(1738, 116, 13, 0),
(1739, 116, 14, 0),
(1740, 116, 15, 0),
(1741, 117, 1, 0),
(1742, 117, 2, 0),
(1743, 117, 3, 0),
(1744, 117, 4, 0),
(1745, 117, 5, 1),
(1746, 117, 6, 1),
(1747, 117, 7, 0),
(1748, 117, 8, 0),
(1749, 117, 9, 0),
(1750, 117, 10, 0),
(1751, 117, 11, 0),
(1752, 117, 12, 0),
(1753, 117, 13, 0),
(1754, 117, 14, 0),
(1755, 117, 15, 0),
(1756, 118, 1, 1),
(1757, 118, 2, 0),
(1758, 118, 3, 0),
(1759, 118, 4, 0),
(1760, 118, 5, 0),
(1761, 118, 6, 0),
(1762, 118, 7, 1),
(1763, 118, 8, 0),
(1764, 118, 9, 0),
(1765, 118, 10, 0),
(1766, 118, 11, 0),
(1767, 118, 12, 0),
(1768, 118, 13, 0),
(1769, 118, 14, 0),
(1770, 118, 15, 0),
(1771, 119, 1, 1),
(1772, 119, 2, 0),
(1773, 119, 3, 0),
(1774, 119, 4, 0),
(1775, 119, 5, 0),
(1776, 119, 6, 0),
(1777, 119, 7, 1),
(1778, 119, 8, 0),
(1779, 119, 9, 0),
(1780, 119, 10, 0),
(1781, 119, 11, 0),
(1782, 119, 12, 0),
(1783, 119, 13, 0),
(1784, 119, 14, 0),
(1785, 119, 15, 0),
(1786, 120, 1, 0),
(1787, 120, 2, 0),
(1788, 120, 3, 0),
(1789, 120, 4, 0),
(1790, 120, 5, 0),
(1791, 120, 6, 1),
(1792, 120, 7, 1),
(1793, 120, 8, 0),
(1794, 120, 9, 0),
(1795, 120, 10, 0),
(1796, 120, 11, 0),
(1797, 120, 12, 0),
(1798, 120, 13, 0),
(1799, 120, 14, 0),
(1800, 120, 15, 0),
(1801, 121, 1, 0),
(1802, 121, 2, 0),
(1803, 121, 3, 0),
(1804, 121, 4, 0),
(1805, 121, 5, 0),
(1806, 121, 6, 1),
(1807, 121, 7, 0),
(1808, 121, 8, 0),
(1809, 121, 9, 1),
(1810, 121, 10, 0),
(1811, 121, 11, 0),
(1812, 121, 12, 0),
(1813, 121, 13, 0),
(1814, 121, 14, 0),
(1815, 121, 15, 0),
(1816, 122, 1, 1),
(1817, 122, 2, 0),
(1818, 122, 3, 0),
(1819, 122, 4, 0),
(1820, 122, 5, 0),
(1821, 122, 6, 1),
(1822, 122, 7, 0),
(1823, 122, 8, 0),
(1824, 122, 9, 0),
(1825, 122, 10, 0),
(1826, 122, 11, 0),
(1827, 122, 12, 0),
(1828, 122, 13, 0),
(1829, 122, 14, 0),
(1830, 122, 15, 0),
(1831, 123, 1, 0),
(1832, 123, 2, 1),
(1833, 123, 3, 0),
(1834, 123, 4, 0),
(1835, 123, 5, 0),
(1836, 123, 6, 0),
(1837, 123, 7, 0),
(1838, 123, 8, 1),
(1839, 123, 9, 0),
(1840, 123, 10, 0),
(1841, 123, 11, 0),
(1842, 123, 12, 0),
(1843, 123, 13, 0),
(1844, 123, 14, 0),
(1845, 123, 15, 0),
(1846, 124, 1, 0),
(1847, 124, 2, 0),
(1848, 124, 3, 0),
(1849, 124, 4, 0),
(1850, 124, 5, 1),
(1851, 124, 6, 0),
(1852, 124, 7, 0),
(1853, 124, 8, 0),
(1854, 124, 9, 1),
(1855, 124, 10, 0),
(1856, 124, 11, 0),
(1857, 124, 12, 0),
(1858, 124, 13, 0),
(1859, 124, 14, 0),
(1860, 124, 15, 0),
(1861, 125, 1, 0),
(1862, 125, 2, 0),
(1863, 125, 3, 0),
(1864, 125, 4, 0),
(1865, 125, 5, 0),
(1866, 125, 6, 1),
(1867, 125, 7, 1),
(1868, 125, 8, 0),
(1869, 125, 9, 0),
(1870, 125, 10, 0),
(1871, 125, 11, 0),
(1872, 125, 12, 0),
(1873, 125, 13, 0),
(1874, 125, 14, 0),
(1875, 125, 15, 0),
(1876, 126, 1, 1),
(1877, 126, 2, 0),
(1878, 126, 3, 0),
(1879, 126, 4, 0),
(1880, 126, 5, 0),
(1881, 126, 6, 0),
(1882, 126, 7, 0),
(1883, 126, 8, 1),
(1884, 126, 9, 0),
(1885, 126, 10, 0),
(1886, 126, 11, 0),
(1887, 126, 12, 0),
(1888, 126, 13, 0),
(1889, 126, 14, 0),
(1890, 126, 15, 0),
(1891, 127, 1, 0),
(1892, 127, 2, 1),
(1893, 127, 3, 0),
(1894, 127, 4, 0),
(1895, 127, 5, 0),
(1896, 127, 6, 0),
(1897, 127, 7, 0),
(1898, 127, 8, 0),
(1899, 127, 9, 0),
(1900, 127, 10, 1),
(1901, 127, 11, 0),
(1902, 127, 12, 0),
(1903, 127, 13, 0),
(1904, 127, 14, 0),
(1905, 127, 15, 0),
(1906, 128, 1, 0),
(1907, 128, 2, 0),
(1908, 128, 3, 0),
(1909, 128, 4, 1),
(1910, 128, 5, 0),
(1911, 128, 6, 0),
(1912, 128, 7, 1),
(1913, 128, 8, 0),
(1914, 128, 9, 0),
(1915, 128, 10, 0),
(1916, 128, 11, 0),
(1917, 128, 12, 0),
(1918, 128, 13, 0),
(1919, 128, 14, 0),
(1920, 128, 15, 0),
(1921, 129, 1, 0),
(1922, 129, 2, 0),
(1923, 129, 3, 0),
(1924, 129, 4, 0),
(1925, 129, 5, 0),
(1926, 129, 6, 1),
(1927, 129, 7, 1),
(1928, 129, 8, 0),
(1929, 129, 9, 0),
(1930, 129, 10, 0),
(1931, 129, 11, 0),
(1932, 129, 12, 0),
(1933, 129, 13, 0),
(1934, 129, 14, 0),
(1935, 129, 15, 0),
(1936, 130, 1, 1),
(1937, 130, 2, 0),
(1938, 130, 3, 0),
(1939, 130, 4, 0),
(1940, 130, 5, 0),
(1941, 130, 6, 0),
(1942, 130, 7, 1),
(1943, 130, 8, 0),
(1944, 130, 9, 0),
(1945, 130, 10, 0),
(1946, 130, 11, 0),
(1947, 130, 12, 0),
(1948, 130, 13, 0),
(1949, 130, 14, 0),
(1950, 130, 15, 0),
(1951, 131, 1, 1),
(1952, 131, 2, 0),
(1953, 131, 3, 0),
(1954, 131, 4, 0),
(1955, 131, 5, 0),
(1956, 131, 6, 1),
(1957, 131, 7, 0),
(1958, 131, 8, 0),
(1959, 131, 9, 0),
(1960, 131, 10, 0),
(1961, 131, 11, 0),
(1962, 131, 12, 0),
(1963, 131, 13, 0),
(1964, 131, 14, 0),
(1965, 131, 15, 0),
(1966, 132, 1, 0),
(1967, 132, 2, 0),
(1968, 132, 3, 0),
(1969, 132, 4, 1),
(1970, 132, 5, 0),
(1971, 132, 6, 1),
(1972, 132, 7, 0),
(1973, 132, 8, 0),
(1974, 132, 9, 0),
(1975, 132, 10, 0),
(1976, 132, 11, 0),
(1977, 132, 12, 0),
(1978, 132, 13, 0),
(1979, 132, 14, 0),
(1980, 132, 15, 0),
(1981, 133, 1, 0),
(1982, 133, 2, 0),
(1983, 133, 3, 0),
(1984, 133, 4, 0),
(1985, 133, 5, 0),
(1986, 133, 6, 1),
(1987, 133, 7, 0),
(1988, 133, 8, 0),
(1989, 133, 9, 0),
(1990, 133, 10, 0),
(1991, 133, 11, 0),
(1992, 133, 12, 0),
(1993, 133, 13, 1),
(1994, 133, 14, 0),
(1995, 133, 15, 0),
(1996, 134, 1, 1),
(1997, 134, 2, 0),
(1998, 134, 3, 0),
(1999, 134, 4, 0),
(2000, 134, 5, 0),
(2001, 134, 6, 0),
(2002, 134, 7, 1),
(2003, 134, 8, 0),
(2004, 134, 9, 0),
(2005, 134, 10, 0),
(2006, 134, 11, 0),
(2007, 134, 12, 0),
(2008, 134, 13, 0),
(2009, 134, 14, 0),
(2010, 134, 15, 0),
(2011, 135, 1, 0),
(2012, 135, 2, 0),
(2013, 135, 3, 0),
(2014, 135, 4, 0),
(2015, 135, 5, 0),
(2016, 135, 6, 1),
(2017, 135, 7, 1),
(2018, 135, 8, 0),
(2019, 135, 9, 0),
(2020, 135, 10, 0),
(2021, 135, 11, 0),
(2022, 135, 12, 0),
(2023, 135, 13, 0),
(2024, 135, 14, 0),
(2025, 135, 15, 0),
(2026, 136, 1, 0),
(2027, 136, 2, 1),
(2028, 136, 3, 0),
(2029, 136, 4, 0),
(2030, 136, 5, 0),
(2031, 136, 6, 1),
(2032, 136, 7, 0),
(2033, 136, 8, 0),
(2034, 136, 9, 0),
(2035, 136, 10, 0),
(2036, 136, 11, 0),
(2037, 136, 12, 0),
(2038, 136, 13, 0),
(2039, 136, 14, 0),
(2040, 136, 15, 0),
(2041, 137, 1, 0),
(2042, 137, 2, 0),
(2043, 137, 3, 0),
(2044, 137, 4, 0),
(2045, 137, 5, 0),
(2046, 137, 6, 1),
(2047, 137, 7, 1),
(2048, 137, 8, 0),
(2049, 137, 9, 0),
(2050, 137, 10, 0),
(2051, 137, 11, 0),
(2052, 137, 12, 0),
(2053, 137, 13, 0),
(2054, 137, 14, 0),
(2055, 137, 15, 0),
(2056, 138, 1, 1),
(2057, 138, 2, 0),
(2058, 138, 3, 0),
(2059, 138, 4, 0),
(2060, 138, 5, 0),
(2061, 138, 6, 0),
(2062, 138, 7, 1),
(2063, 138, 8, 0),
(2064, 138, 9, 0),
(2065, 138, 10, 0),
(2066, 138, 11, 0),
(2067, 138, 12, 0),
(2068, 138, 13, 0),
(2069, 138, 14, 0),
(2070, 138, 15, 0),
(2071, 139, 1, 0),
(2072, 139, 2, 0),
(2073, 139, 3, 0),
(2074, 139, 4, 0),
(2075, 139, 5, 1),
(2076, 139, 6, 0),
(2077, 139, 7, 1),
(2078, 139, 8, 0),
(2079, 139, 9, 0),
(2080, 139, 10, 0),
(2081, 139, 11, 0),
(2082, 139, 12, 0),
(2083, 139, 13, 0),
(2084, 139, 14, 0),
(2085, 139, 15, 0),
(2086, 140, 1, 1),
(2087, 140, 2, 0),
(2088, 140, 3, 0),
(2089, 140, 4, 0),
(2090, 140, 5, 0),
(2091, 140, 6, 0),
(2092, 140, 7, 1),
(2093, 140, 8, 0),
(2094, 140, 9, 0),
(2095, 140, 10, 0),
(2096, 140, 11, 0),
(2097, 140, 12, 0),
(2098, 140, 13, 0),
(2099, 140, 14, 0),
(2100, 140, 15, 0),
(2101, 141, 1, 0),
(2102, 141, 2, 0),
(2103, 141, 3, 0),
(2104, 141, 4, 0),
(2105, 141, 5, 0),
(2106, 141, 6, 1),
(2107, 141, 7, 0),
(2108, 141, 8, 0),
(2109, 141, 9, 0),
(2110, 141, 10, 0),
(2111, 141, 11, 0),
(2112, 141, 12, 0),
(2113, 141, 13, 0),
(2114, 141, 14, 1),
(2115, 141, 15, 0),
(2116, 142, 1, 0),
(2117, 142, 2, 0),
(2118, 142, 3, 0),
(2119, 142, 4, 0),
(2120, 142, 5, 0),
(2121, 142, 6, 1),
(2122, 142, 7, 1),
(2123, 142, 8, 0),
(2124, 142, 9, 0),
(2125, 142, 10, 0),
(2126, 142, 11, 0),
(2127, 142, 12, 0),
(2128, 142, 13, 0),
(2129, 142, 14, 0),
(2130, 142, 15, 0),
(2131, 143, 1, 0),
(2132, 143, 2, 0),
(2133, 143, 3, 0),
(2134, 143, 4, 0),
(2135, 143, 5, 0),
(2136, 143, 6, 1),
(2137, 143, 7, 1),
(2138, 143, 8, 0),
(2139, 143, 9, 0),
(2140, 143, 10, 0),
(2141, 143, 11, 0),
(2142, 143, 12, 0),
(2143, 143, 13, 0),
(2144, 143, 14, 0),
(2145, 143, 15, 0),
(2146, 144, 1, 1),
(2147, 144, 2, 0),
(2148, 144, 3, 0),
(2149, 144, 4, 0),
(2150, 144, 5, 0),
(2151, 144, 6, 0),
(2152, 144, 7, 1),
(2153, 144, 8, 0),
(2154, 144, 9, 0),
(2155, 144, 10, 0),
(2156, 144, 11, 0),
(2157, 144, 12, 0),
(2158, 144, 13, 0),
(2159, 144, 14, 0),
(2160, 144, 15, 0),
(2161, 145, 1, 0),
(2162, 145, 2, 0),
(2163, 145, 3, 0),
(2164, 145, 4, 0),
(2165, 145, 5, 0),
(2166, 145, 6, 1),
(2167, 145, 7, 0),
(2168, 145, 8, 1),
(2169, 145, 9, 0),
(2170, 145, 10, 0),
(2171, 145, 11, 0),
(2172, 145, 12, 0),
(2173, 145, 13, 0),
(2174, 145, 14, 0),
(2175, 145, 15, 0),
(2176, 146, 1, 0),
(2177, 146, 2, 0),
(2178, 146, 3, 0),
(2179, 146, 4, 0),
(2180, 146, 5, 0),
(2181, 146, 6, 1),
(2182, 146, 7, 0),
(2183, 146, 8, 0),
(2184, 146, 9, 0),
(2185, 146, 10, 0),
(2186, 146, 11, 0),
(2187, 146, 12, 0),
(2188, 146, 13, 1),
(2189, 146, 14, 0),
(2190, 146, 15, 0),
(2191, 147, 1, 1),
(2192, 147, 2, 0),
(2193, 147, 3, 0),
(2194, 147, 4, 0),
(2195, 147, 5, 0),
(2196, 147, 6, 1),
(2197, 147, 7, 0),
(2198, 147, 8, 0),
(2199, 147, 9, 0),
(2200, 147, 10, 0),
(2201, 147, 11, 0),
(2202, 147, 12, 0),
(2203, 147, 13, 0),
(2204, 147, 14, 0),
(2205, 147, 15, 0),
(2206, 148, 1, 1),
(2207, 148, 2, 0),
(2208, 148, 3, 0),
(2209, 148, 4, 0),
(2210, 148, 5, 0),
(2211, 148, 6, 1),
(2212, 148, 7, 0),
(2213, 148, 8, 0),
(2214, 148, 9, 0),
(2215, 148, 10, 0),
(2216, 148, 11, 0),
(2217, 148, 12, 0),
(2218, 148, 13, 0),
(2219, 148, 14, 0),
(2220, 148, 15, 0),
(2221, 149, 1, 0),
(2222, 149, 2, 0),
(2223, 149, 3, 0),
(2224, 149, 4, 0),
(2225, 149, 5, 1),
(2226, 149, 6, 1),
(2227, 149, 7, 0),
(2228, 149, 8, 0),
(2229, 149, 9, 0),
(2230, 149, 10, 0),
(2231, 149, 11, 0),
(2232, 149, 12, 0),
(2233, 149, 13, 0),
(2234, 149, 14, 0),
(2235, 149, 15, 0),
(2236, 150, 1, 0),
(2237, 150, 2, 0),
(2238, 150, 3, 0),
(2239, 150, 4, 0),
(2240, 150, 5, 0),
(2241, 150, 6, 1),
(2242, 150, 7, 0),
(2243, 150, 8, 0),
(2244, 150, 9, 0),
(2245, 150, 10, 0),
(2246, 150, 11, 0),
(2247, 150, 12, 0),
(2248, 150, 13, 1),
(2249, 150, 14, 0),
(2250, 150, 15, 0),
(2251, 151, 1, 0),
(2252, 151, 2, 0),
(2253, 151, 3, 0),
(2254, 151, 4, 0),
(2255, 151, 5, 0),
(2256, 151, 6, 1),
(2257, 151, 7, 0),
(2258, 151, 8, 1),
(2259, 151, 9, 0),
(2260, 151, 10, 0),
(2261, 151, 11, 0),
(2262, 151, 12, 0),
(2263, 151, 13, 0),
(2264, 151, 14, 0),
(2265, 151, 15, 0),
(2266, 152, 1, 0),
(2267, 152, 2, 0),
(2268, 152, 3, 0),
(2269, 152, 4, 0),
(2270, 152, 5, 0),
(2271, 152, 6, 1),
(2272, 152, 7, 1),
(2273, 152, 8, 0),
(2274, 152, 9, 0),
(2275, 152, 10, 0),
(2276, 152, 11, 0),
(2277, 152, 12, 0),
(2278, 152, 13, 0),
(2279, 152, 14, 0),
(2280, 152, 15, 0),
(2281, 153, 1, 1),
(2282, 153, 2, 0),
(2283, 153, 3, 0),
(2284, 153, 4, 0),
(2285, 153, 5, 0),
(2286, 153, 6, 0),
(2287, 153, 7, 1),
(2288, 153, 8, 0),
(2289, 153, 9, 0),
(2290, 153, 10, 0),
(2291, 153, 11, 0),
(2292, 153, 12, 0),
(2293, 153, 13, 0),
(2294, 153, 14, 0),
(2295, 153, 15, 0),
(2296, 154, 1, 1),
(2297, 154, 2, 0),
(2298, 154, 3, 0),
(2299, 154, 4, 0),
(2300, 154, 5, 0),
(2301, 154, 6, 0),
(2302, 154, 7, 1),
(2303, 154, 8, 0),
(2304, 154, 9, 0),
(2305, 154, 10, 0),
(2306, 154, 11, 0),
(2307, 154, 12, 0),
(2308, 154, 13, 0),
(2309, 154, 14, 0),
(2310, 154, 15, 0),
(2311, 155, 1, 1),
(2312, 155, 2, 0),
(2313, 155, 3, 0),
(2314, 155, 4, 0),
(2315, 155, 5, 0),
(2316, 155, 6, 1),
(2317, 155, 7, 0),
(2318, 155, 8, 0),
(2319, 155, 9, 0),
(2320, 155, 10, 0),
(2321, 155, 11, 0),
(2322, 155, 12, 0),
(2323, 155, 13, 0),
(2324, 155, 14, 0),
(2325, 155, 15, 0),
(2326, 156, 1, 0),
(2327, 156, 2, 0),
(2328, 156, 3, 0),
(2329, 156, 4, 0),
(2330, 156, 5, 0),
(2331, 156, 6, 0),
(2332, 156, 7, 0),
(2333, 156, 8, 1),
(2334, 156, 9, 0),
(2335, 156, 10, 0),
(2336, 156, 11, 0),
(2337, 156, 12, 1),
(2338, 156, 13, 0),
(2339, 156, 14, 0),
(2340, 156, 15, 0),
(2341, 157, 1, 0),
(2342, 157, 2, 0),
(2343, 157, 3, 0),
(2344, 157, 4, 0),
(2345, 157, 5, 0),
(2346, 157, 6, 1),
(2347, 157, 7, 0),
(2348, 157, 8, 1),
(2349, 157, 9, 0),
(2350, 157, 10, 0),
(2351, 157, 11, 0),
(2352, 157, 12, 0),
(2353, 157, 13, 0),
(2354, 157, 14, 0),
(2355, 157, 15, 0),
(2356, 158, 1, 1),
(2357, 158, 2, 0),
(2358, 158, 3, 0),
(2359, 158, 4, 0),
(2360, 158, 5, 0),
(2361, 158, 6, 1),
(2362, 158, 7, 0),
(2363, 158, 8, 0),
(2364, 158, 9, 0),
(2365, 158, 10, 0),
(2366, 158, 11, 0),
(2367, 158, 12, 0),
(2368, 158, 13, 0),
(2369, 158, 14, 0),
(2370, 158, 15, 0),
(2371, 159, 1, 1),
(2372, 159, 2, 0),
(2373, 159, 3, 0),
(2374, 159, 4, 0),
(2375, 159, 5, 0),
(2376, 159, 6, 0),
(2377, 159, 7, 1),
(2378, 159, 8, 0),
(2379, 159, 9, 0),
(2380, 159, 10, 0),
(2381, 159, 11, 0),
(2382, 159, 12, 0),
(2383, 159, 13, 0),
(2384, 159, 14, 0),
(2385, 159, 15, 0),
(2386, 160, 1, 0),
(2387, 160, 2, 0),
(2388, 160, 3, 0),
(2389, 160, 4, 0),
(2390, 160, 5, 1),
(2391, 160, 6, 0),
(2392, 160, 7, 1),
(2393, 160, 8, 0),
(2394, 160, 9, 0),
(2395, 160, 10, 0),
(2396, 160, 11, 0),
(2397, 160, 12, 0),
(2398, 160, 13, 0),
(2399, 160, 14, 0),
(2400, 160, 15, 0),
(2401, 161, 1, 1),
(2402, 161, 2, 0),
(2403, 161, 3, 0),
(2404, 161, 4, 0),
(2405, 161, 5, 0),
(2406, 161, 6, 1),
(2407, 161, 7, 0),
(2408, 161, 8, 0),
(2409, 161, 9, 0),
(2410, 161, 10, 0),
(2411, 161, 11, 0),
(2412, 161, 12, 0),
(2413, 161, 13, 0),
(2414, 161, 14, 0),
(2415, 161, 15, 0),
(2416, 162, 1, 0),
(2417, 162, 2, 0),
(2418, 162, 3, 0),
(2419, 162, 4, 0),
(2420, 162, 5, 0),
(2421, 162, 6, 1),
(2422, 162, 7, 1),
(2423, 162, 8, 0),
(2424, 162, 9, 0),
(2425, 162, 10, 0),
(2426, 162, 11, 0),
(2427, 162, 12, 0),
(2428, 162, 13, 0),
(2429, 162, 14, 0),
(2430, 162, 15, 0),
(2431, 163, 1, 0),
(2432, 163, 2, 0),
(2433, 163, 3, 0),
(2434, 163, 4, 0),
(2435, 163, 5, 1),
(2436, 163, 6, 0),
(2437, 163, 7, 1),
(2438, 163, 8, 0),
(2439, 163, 9, 0),
(2440, 163, 10, 0),
(2441, 163, 11, 0),
(2442, 163, 12, 0),
(2443, 163, 13, 0),
(2444, 163, 14, 0),
(2445, 163, 15, 0),
(2446, 164, 1, 1),
(2447, 164, 2, 0),
(2448, 164, 3, 0),
(2449, 164, 4, 0),
(2450, 164, 5, 0),
(2451, 164, 6, 1),
(2452, 164, 7, 0),
(2453, 164, 8, 0),
(2454, 164, 9, 0),
(2455, 164, 10, 0),
(2456, 164, 11, 0),
(2457, 164, 12, 0),
(2458, 164, 13, 0),
(2459, 164, 14, 0),
(2460, 164, 15, 0),
(2461, 165, 1, 0),
(2462, 165, 2, 0),
(2463, 165, 3, 0),
(2464, 165, 4, 0),
(2465, 165, 5, 1),
(2466, 165, 6, 0),
(2467, 165, 7, 1),
(2468, 165, 8, 0),
(2469, 165, 9, 0),
(2470, 165, 10, 0),
(2471, 165, 11, 0),
(2472, 165, 12, 0),
(2473, 165, 13, 0),
(2474, 165, 14, 0),
(2475, 165, 15, 0),
(2476, 166, 1, 0),
(2477, 166, 2, 0),
(2478, 166, 3, 0),
(2479, 166, 4, 0),
(2480, 166, 5, 0),
(2481, 166, 6, 1),
(2482, 166, 7, 1),
(2483, 166, 8, 0),
(2484, 166, 9, 0),
(2485, 166, 10, 0),
(2486, 166, 11, 0),
(2487, 166, 12, 0),
(2488, 166, 13, 0),
(2489, 166, 14, 0),
(2490, 166, 15, 0),
(2491, 167, 1, 1),
(2492, 167, 2, 0),
(2493, 167, 3, 0),
(2494, 167, 4, 0),
(2495, 167, 5, 0),
(2496, 167, 6, 1),
(2497, 167, 7, 0),
(2498, 167, 8, 0),
(2499, 167, 9, 0),
(2500, 167, 10, 0),
(2501, 167, 11, 0),
(2502, 167, 12, 0),
(2503, 167, 13, 0),
(2504, 167, 14, 0),
(2505, 167, 15, 0),
(2506, 168, 1, 0),
(2507, 168, 2, 0),
(2508, 168, 3, 0),
(2509, 168, 4, 0),
(2510, 168, 5, 1),
(2511, 168, 6, 1),
(2512, 168, 7, 0),
(2513, 168, 8, 0),
(2514, 168, 9, 0),
(2515, 168, 10, 0),
(2516, 168, 11, 0),
(2517, 168, 12, 0),
(2518, 168, 13, 0),
(2519, 168, 14, 0),
(2520, 168, 15, 0),
(2521, 169, 1, 1),
(2522, 169, 2, 0),
(2523, 169, 3, 0),
(2524, 169, 4, 0),
(2525, 169, 5, 0),
(2526, 169, 6, 0),
(2527, 169, 7, 1),
(2528, 169, 8, 0),
(2529, 169, 9, 0),
(2530, 169, 10, 0),
(2531, 169, 11, 0),
(2532, 169, 12, 0),
(2533, 169, 13, 0),
(2534, 169, 14, 0),
(2535, 169, 15, 0),
(2536, 170, 1, 0),
(2537, 170, 2, 0),
(2538, 170, 3, 0),
(2539, 170, 4, 0),
(2540, 170, 5, 0),
(2541, 170, 6, 1),
(2542, 170, 7, 0),
(2543, 170, 8, 1),
(2544, 170, 9, 0),
(2545, 170, 10, 0),
(2546, 170, 11, 0),
(2547, 170, 12, 0),
(2548, 170, 13, 0),
(2549, 170, 14, 0),
(2550, 170, 15, 0),
(2551, 171, 1, 1),
(2552, 171, 2, 0),
(2553, 171, 3, 0),
(2554, 171, 4, 0),
(2555, 171, 5, 0),
(2556, 171, 6, 0),
(2557, 171, 7, 1),
(2558, 171, 8, 0),
(2559, 171, 9, 0),
(2560, 171, 10, 0),
(2561, 171, 11, 0),
(2562, 171, 12, 0),
(2563, 171, 13, 0),
(2564, 171, 14, 0),
(2565, 171, 15, 0),
(2566, 172, 1, 0),
(2567, 172, 2, 0),
(2568, 172, 3, 0),
(2569, 172, 4, 0),
(2570, 172, 5, 0),
(2571, 172, 6, 1),
(2572, 172, 7, 0),
(2573, 172, 8, 1),
(2574, 172, 9, 0),
(2575, 172, 10, 0),
(2576, 172, 11, 0),
(2577, 172, 12, 0),
(2578, 172, 13, 0),
(2579, 172, 14, 0),
(2580, 172, 15, 0),
(2581, 173, 1, 1),
(2582, 173, 2, 0),
(2583, 173, 3, 0),
(2584, 173, 4, 0),
(2585, 173, 5, 0),
(2586, 173, 6, 0),
(2587, 173, 7, 1),
(2588, 173, 8, 0),
(2589, 173, 9, 0),
(2590, 173, 10, 0),
(2591, 173, 11, 0),
(2592, 173, 12, 0),
(2593, 173, 13, 0),
(2594, 173, 14, 0),
(2595, 173, 15, 0),
(2596, 174, 1, 1),
(2597, 174, 2, 0),
(2598, 174, 3, 0),
(2599, 174, 4, 0),
(2600, 174, 5, 0),
(2601, 174, 6, 1),
(2602, 174, 7, 0),
(2603, 174, 8, 0),
(2604, 174, 9, 0),
(2605, 174, 10, 0),
(2606, 174, 11, 0),
(2607, 174, 12, 0),
(2608, 174, 13, 0),
(2609, 174, 14, 0),
(2610, 174, 15, 0),
(2611, 175, 1, 1),
(2612, 175, 2, 0),
(2613, 175, 3, 0),
(2614, 175, 4, 0),
(2615, 175, 5, 0),
(2616, 175, 6, 0),
(2617, 175, 7, 1),
(2618, 175, 8, 0),
(2619, 175, 9, 0),
(2620, 175, 10, 0),
(2621, 175, 11, 0),
(2622, 175, 12, 0),
(2623, 175, 13, 0),
(2624, 175, 14, 0),
(2625, 175, 15, 0),
(2626, 176, 1, 0),
(2627, 176, 2, 0),
(2628, 176, 3, 0),
(2629, 176, 4, 0),
(2630, 176, 5, 1),
(2631, 176, 6, 1),
(2632, 176, 7, 0),
(2633, 176, 8, 0),
(2634, 176, 9, 0),
(2635, 176, 10, 0),
(2636, 176, 11, 0),
(2637, 176, 12, 0),
(2638, 176, 13, 0),
(2639, 176, 14, 0),
(2640, 176, 15, 0),
(2641, 177, 1, 0),
(2642, 177, 2, 0),
(2643, 177, 3, 0),
(2644, 177, 4, 0),
(2645, 177, 5, 0),
(2646, 177, 6, 1),
(2647, 177, 7, 1),
(2648, 177, 8, 0),
(2649, 177, 9, 0),
(2650, 177, 10, 0),
(2651, 177, 11, 0),
(2652, 177, 12, 0),
(2653, 177, 13, 0),
(2654, 177, 14, 0),
(2655, 177, 15, 0),
(2656, 178, 1, 0),
(2657, 178, 2, 0),
(2658, 178, 3, 0),
(2659, 178, 4, 0),
(2660, 178, 5, 0),
(2661, 178, 6, 1),
(2662, 178, 7, 0),
(2663, 178, 8, 1),
(2664, 178, 9, 0),
(2665, 178, 10, 0),
(2666, 178, 11, 0),
(2667, 178, 12, 0),
(2668, 178, 13, 0),
(2669, 178, 14, 0),
(2670, 178, 15, 0),
(2671, 179, 1, 1),
(2672, 179, 2, 0),
(2673, 179, 3, 0),
(2674, 179, 4, 0),
(2675, 179, 5, 0),
(2676, 179, 6, 0),
(2677, 179, 7, 1),
(2678, 179, 8, 0),
(2679, 179, 9, 0),
(2680, 179, 10, 0),
(2681, 179, 11, 0),
(2682, 179, 12, 0),
(2683, 179, 13, 0),
(2684, 179, 14, 0),
(2685, 179, 15, 0),
(2686, 180, 1, 0),
(2687, 180, 2, 0),
(2688, 180, 3, 0),
(2689, 180, 4, 0),
(2690, 180, 5, 0),
(2691, 180, 6, 1),
(2692, 180, 7, 0),
(2693, 180, 8, 0),
(2694, 180, 9, 0),
(2695, 180, 10, 0),
(2696, 180, 11, 0),
(2697, 180, 12, 1),
(2698, 180, 13, 0),
(2699, 180, 14, 0),
(2700, 180, 15, 0),
(2701, 181, 1, 1),
(2702, 181, 2, 0),
(2703, 181, 3, 0),
(2704, 181, 4, 0),
(2705, 181, 5, 0),
(2706, 181, 6, 0),
(2707, 181, 7, 1),
(2708, 181, 8, 0),
(2709, 181, 9, 0),
(2710, 181, 10, 0),
(2711, 181, 11, 0),
(2712, 181, 12, 0),
(2713, 181, 13, 0),
(2714, 181, 14, 0),
(2715, 181, 15, 0),
(2716, 182, 1, 0),
(2717, 182, 2, 0),
(2718, 182, 3, 0),
(2719, 182, 4, 0),
(2720, 182, 5, 1),
(2721, 182, 6, 1),
(2722, 182, 7, 0),
(2723, 182, 8, 0),
(2724, 182, 9, 0),
(2725, 182, 10, 0),
(2726, 182, 11, 0),
(2727, 182, 12, 0),
(2728, 182, 13, 0),
(2729, 182, 14, 0),
(2730, 182, 15, 0),
(2731, 183, 1, 0),
(2732, 183, 2, 0),
(2733, 183, 3, 0),
(2734, 183, 4, 0),
(2735, 183, 5, 1),
(2736, 183, 6, 0),
(2737, 183, 7, 0),
(2738, 183, 8, 1),
(2739, 183, 9, 0),
(2740, 183, 10, 0),
(2741, 183, 11, 0),
(2742, 183, 12, 0),
(2743, 183, 13, 0),
(2744, 183, 14, 0),
(2745, 183, 15, 0),
(2746, 184, 1, 0),
(2747, 184, 2, 0),
(2748, 184, 3, 0),
(2749, 184, 4, 0),
(2750, 184, 5, 0),
(2751, 184, 6, 1),
(2752, 184, 7, 0),
(2753, 184, 8, 1),
(2754, 184, 9, 0),
(2755, 184, 10, 0),
(2756, 184, 11, 0),
(2757, 184, 12, 0),
(2758, 184, 13, 0),
(2759, 184, 14, 0),
(2760, 184, 15, 0),
(2761, 185, 1, 1),
(2762, 185, 2, 0),
(2763, 185, 3, 0),
(2764, 185, 4, 0),
(2765, 185, 5, 0),
(2766, 185, 6, 0),
(2767, 185, 7, 1),
(2768, 185, 8, 0),
(2769, 185, 9, 0),
(2770, 185, 10, 0),
(2771, 185, 11, 0),
(2772, 185, 12, 0),
(2773, 185, 13, 0),
(2774, 185, 14, 0),
(2775, 185, 15, 0),
(2776, 186, 1, 1),
(2777, 186, 2, 0),
(2778, 186, 3, 0),
(2779, 186, 4, 0),
(2780, 186, 5, 0),
(2781, 186, 6, 0),
(2782, 186, 7, 1),
(2783, 186, 8, 0),
(2784, 186, 9, 0),
(2785, 186, 10, 0),
(2786, 186, 11, 0),
(2787, 186, 12, 0),
(2788, 186, 13, 0),
(2789, 186, 14, 0),
(2790, 186, 15, 0),
(2791, 187, 1, 0),
(2792, 187, 2, 0),
(2793, 187, 3, 0),
(2794, 187, 4, 0),
(2795, 187, 5, 0),
(2796, 187, 6, 1),
(2797, 187, 7, 0),
(2798, 187, 8, 1),
(2799, 187, 9, 0),
(2800, 187, 10, 0),
(2801, 187, 11, 0),
(2802, 187, 12, 0),
(2803, 187, 13, 0),
(2804, 187, 14, 0),
(2805, 187, 15, 0),
(2806, 188, 1, 1),
(2807, 188, 2, 0),
(2808, 188, 3, 0),
(2809, 188, 4, 0),
(2810, 188, 5, 0),
(2811, 188, 6, 0),
(2812, 188, 7, 1),
(2813, 188, 8, 0),
(2814, 188, 9, 0),
(2815, 188, 10, 0),
(2816, 188, 11, 0),
(2817, 188, 12, 0),
(2818, 188, 13, 0),
(2819, 188, 14, 0),
(2820, 188, 15, 0),
(2821, 189, 1, 1),
(2822, 189, 2, 0),
(2823, 189, 3, 0),
(2824, 189, 4, 0),
(2825, 189, 5, 0),
(2826, 189, 6, 1),
(2827, 189, 7, 0),
(2828, 189, 8, 0),
(2829, 189, 9, 0),
(2830, 189, 10, 0),
(2831, 189, 11, 0),
(2832, 189, 12, 0),
(2833, 189, 13, 0),
(2834, 189, 14, 0),
(2835, 189, 15, 0),
(2836, 190, 1, 1),
(2837, 190, 2, 0),
(2838, 190, 3, 0),
(2839, 190, 4, 0),
(2840, 190, 5, 0),
(2841, 190, 6, 1),
(2842, 190, 7, 0),
(2843, 190, 8, 0),
(2844, 190, 9, 0),
(2845, 190, 10, 0),
(2846, 190, 11, 0),
(2847, 190, 12, 0),
(2848, 190, 13, 0),
(2849, 190, 14, 0),
(2850, 190, 15, 0),
(2851, 191, 1, 1),
(2852, 191, 2, 0),
(2853, 191, 3, 0),
(2854, 191, 4, 0),
(2855, 191, 5, 0),
(2856, 191, 6, 0),
(2857, 191, 7, 1),
(2858, 191, 8, 0),
(2859, 191, 9, 0),
(2860, 191, 10, 0),
(2861, 191, 11, 0),
(2862, 191, 12, 0),
(2863, 191, 13, 0),
(2864, 191, 14, 0),
(2865, 191, 15, 0),
(2866, 192, 1, 0),
(2867, 192, 2, 0),
(2868, 192, 3, 0),
(2869, 192, 4, 0),
(2870, 192, 5, 0),
(2871, 192, 6, 1),
(2872, 192, 7, 0),
(2873, 192, 8, 1),
(2874, 192, 9, 0),
(2875, 192, 10, 0),
(2876, 192, 11, 0),
(2877, 192, 12, 0),
(2878, 192, 13, 0),
(2879, 192, 14, 0),
(2880, 192, 15, 0),
(2881, 193, 1, 1),
(2882, 193, 2, 0),
(2883, 193, 3, 0),
(2884, 193, 4, 0),
(2885, 193, 5, 0),
(2886, 193, 6, 1),
(2887, 193, 7, 0),
(2888, 193, 8, 0),
(2889, 193, 9, 0),
(2890, 193, 10, 0),
(2891, 193, 11, 0),
(2892, 193, 12, 0),
(2893, 193, 13, 0),
(2894, 193, 14, 0),
(2895, 193, 15, 0),
(2896, 194, 1, 0),
(2897, 194, 2, 0),
(2898, 194, 3, 0),
(2899, 194, 4, 0),
(2900, 194, 5, 1),
(2901, 194, 6, 0),
(2902, 194, 7, 0),
(2903, 194, 8, 1),
(2904, 194, 9, 0),
(2905, 194, 10, 0),
(2906, 194, 11, 0),
(2907, 194, 12, 0),
(2908, 194, 13, 0),
(2909, 194, 14, 0),
(2910, 194, 15, 0),
(2911, 195, 1, 0),
(2912, 195, 2, 0),
(2913, 195, 3, 0),
(2914, 195, 4, 0),
(2915, 195, 5, 0),
(2916, 195, 6, 1),
(2917, 195, 7, 0),
(2918, 195, 8, 0),
(2919, 195, 9, 0),
(2920, 195, 10, 0),
(2921, 195, 11, 0),
(2922, 195, 12, 0),
(2923, 195, 13, 1),
(2924, 195, 14, 0),
(2925, 195, 15, 0),
(2926, 196, 1, 1),
(2927, 196, 2, 0),
(2928, 196, 3, 0),
(2929, 196, 4, 0),
(2930, 196, 5, 0),
(2931, 196, 6, 0),
(2932, 196, 7, 0),
(2933, 196, 8, 1),
(2934, 196, 9, 0),
(2935, 196, 10, 0),
(2936, 196, 11, 0),
(2937, 196, 12, 0),
(2938, 196, 13, 0),
(2939, 196, 14, 0),
(2940, 196, 15, 0),
(2941, 197, 1, 1),
(2942, 197, 2, 0),
(2943, 197, 3, 0),
(2944, 197, 4, 0),
(2945, 197, 5, 0),
(2946, 197, 6, 1),
(2947, 197, 7, 0),
(2948, 197, 8, 0),
(2949, 197, 9, 0),
(2950, 197, 10, 0),
(2951, 197, 11, 0),
(2952, 197, 12, 0),
(2953, 197, 13, 0),
(2954, 197, 14, 0),
(2955, 197, 15, 0),
(2956, 198, 1, 0),
(2957, 198, 2, 0),
(2958, 198, 3, 0),
(2959, 198, 4, 0),
(2960, 198, 5, 0),
(2961, 198, 6, 1),
(2962, 198, 7, 0),
(2963, 198, 8, 1),
(2964, 198, 9, 0),
(2965, 198, 10, 0),
(2966, 198, 11, 0),
(2967, 198, 12, 0),
(2968, 198, 13, 0),
(2969, 198, 14, 0),
(2970, 198, 15, 0),
(2971, 199, 1, 1),
(2972, 199, 2, 0),
(2973, 199, 3, 0),
(2974, 199, 4, 0),
(2975, 199, 5, 0),
(2976, 199, 6, 0),
(2977, 199, 7, 1),
(2978, 199, 8, 0),
(2979, 199, 9, 0),
(2980, 199, 10, 0),
(2981, 199, 11, 0),
(2982, 199, 12, 0),
(2983, 199, 13, 0),
(2984, 199, 14, 0),
(2985, 199, 15, 0),
(2986, 200, 1, 1),
(2987, 200, 2, 0),
(2988, 200, 3, 0),
(2989, 200, 4, 0),
(2990, 200, 5, 0),
(2991, 200, 6, 1),
(2992, 200, 7, 0),
(2993, 200, 8, 0),
(2994, 200, 9, 0),
(2995, 200, 10, 0),
(2996, 200, 11, 0),
(2997, 200, 12, 0),
(2998, 200, 13, 0),
(2999, 200, 14, 0),
(3000, 200, 15, 0),
(3001, 201, 1, 0),
(3002, 201, 2, 0),
(3003, 201, 3, 0),
(3004, 201, 4, 0),
(3005, 201, 5, 1),
(3006, 201, 6, 1),
(3007, 201, 7, 0),
(3008, 201, 8, 0),
(3009, 201, 9, 0),
(3010, 201, 10, 0),
(3011, 201, 11, 0),
(3012, 201, 12, 0),
(3013, 201, 13, 0),
(3014, 201, 14, 0),
(3015, 201, 15, 0),
(3016, 202, 1, 0),
(3017, 202, 2, 0),
(3018, 202, 3, 0),
(3019, 202, 4, 0),
(3020, 202, 5, 1),
(3021, 202, 6, 0),
(3022, 202, 7, 0),
(3023, 202, 8, 1),
(3024, 202, 9, 0),
(3025, 202, 10, 0);
INSERT INTO `nbc_data` (`id_data`, `id_responden`, `id_atribut`, `id_parameter`) VALUES
(3026, 202, 11, 0),
(3027, 202, 12, 0),
(3028, 202, 13, 0),
(3029, 202, 14, 0),
(3030, 202, 15, 0),
(3031, 203, 1, 0),
(3032, 203, 2, 0),
(3033, 203, 3, 0),
(3034, 203, 4, 0),
(3035, 203, 5, 1),
(3036, 203, 6, 1),
(3037, 203, 7, 0),
(3038, 203, 8, 0),
(3039, 203, 9, 0),
(3040, 203, 10, 0),
(3041, 203, 11, 0),
(3042, 203, 12, 0),
(3043, 203, 13, 0),
(3044, 203, 14, 0),
(3045, 203, 15, 0),
(3046, 204, 1, 0),
(3047, 204, 2, 1),
(3048, 204, 3, 0),
(3049, 204, 4, 0),
(3050, 204, 5, 0),
(3051, 204, 6, 1),
(3052, 204, 7, 0),
(3053, 204, 8, 0),
(3054, 204, 9, 0),
(3055, 204, 10, 0),
(3056, 204, 11, 0),
(3057, 204, 12, 0),
(3058, 204, 13, 0),
(3059, 204, 14, 0),
(3060, 204, 15, 0),
(3061, 205, 1, 1),
(3062, 205, 2, 0),
(3063, 205, 3, 0),
(3064, 205, 4, 0),
(3065, 205, 5, 0),
(3066, 205, 6, 0),
(3067, 205, 7, 1),
(3068, 205, 8, 0),
(3069, 205, 9, 0),
(3070, 205, 10, 0),
(3071, 205, 11, 0),
(3072, 205, 12, 0),
(3073, 205, 13, 0),
(3074, 205, 14, 0),
(3075, 205, 15, 0),
(3076, 206, 1, 0),
(3077, 206, 2, 1),
(3078, 206, 3, 0),
(3079, 206, 4, 0),
(3080, 206, 5, 0),
(3081, 206, 6, 1),
(3082, 206, 7, 0),
(3083, 206, 8, 0),
(3084, 206, 9, 0),
(3085, 206, 10, 0),
(3086, 206, 11, 0),
(3087, 206, 12, 0),
(3088, 206, 13, 0),
(3089, 206, 14, 0),
(3090, 206, 15, 0),
(3091, 207, 1, 1),
(3092, 207, 2, 0),
(3093, 207, 3, 0),
(3094, 207, 4, 0),
(3095, 207, 5, 0),
(3096, 207, 6, 0),
(3097, 207, 7, 1),
(3098, 207, 8, 0),
(3099, 207, 9, 0),
(3100, 207, 10, 0),
(3101, 207, 11, 0),
(3102, 207, 12, 0),
(3103, 207, 13, 0),
(3104, 207, 14, 0),
(3105, 207, 15, 0),
(3106, 208, 1, 1),
(3107, 208, 2, 0),
(3108, 208, 3, 0),
(3109, 208, 4, 0),
(3110, 208, 5, 0),
(3111, 208, 6, 1),
(3112, 208, 7, 0),
(3113, 208, 8, 0),
(3114, 208, 9, 0),
(3115, 208, 10, 0),
(3116, 208, 11, 0),
(3117, 208, 12, 0),
(3118, 208, 13, 0),
(3119, 208, 14, 0),
(3120, 208, 15, 0),
(3121, 209, 1, 0),
(3122, 209, 2, 0),
(3123, 209, 3, 0),
(3124, 209, 4, 1),
(3125, 209, 5, 0),
(3126, 209, 6, 0),
(3127, 209, 7, 0),
(3128, 209, 8, 0),
(3129, 209, 9, 0),
(3130, 209, 10, 1),
(3131, 209, 11, 0),
(3132, 209, 12, 0),
(3133, 209, 13, 0),
(3134, 209, 14, 0),
(3135, 209, 15, 0),
(3136, 210, 1, 0),
(3137, 210, 2, 0),
(3138, 210, 3, 0),
(3139, 210, 4, 0),
(3140, 210, 5, 1),
(3141, 210, 6, 0),
(3142, 210, 7, 0),
(3143, 210, 8, 1),
(3144, 210, 9, 0),
(3145, 210, 10, 0),
(3146, 210, 11, 0),
(3147, 210, 12, 0),
(3148, 210, 13, 0),
(3149, 210, 14, 0),
(3150, 210, 15, 0),
(3151, 211, 1, 1),
(3152, 211, 2, 0),
(3153, 211, 3, 0),
(3154, 211, 4, 0),
(3155, 211, 5, 0),
(3156, 211, 6, 0),
(3157, 211, 7, 1),
(3158, 211, 8, 0),
(3159, 211, 9, 0),
(3160, 211, 10, 0),
(3161, 211, 11, 0),
(3162, 211, 12, 0),
(3163, 211, 13, 0),
(3164, 211, 14, 0),
(3165, 211, 15, 0),
(3166, 212, 1, 0),
(3167, 212, 2, 0),
(3168, 212, 3, 0),
(3169, 212, 4, 0),
(3170, 212, 5, 1),
(3171, 212, 6, 0),
(3172, 212, 7, 1),
(3173, 212, 8, 0),
(3174, 212, 9, 0),
(3175, 212, 10, 0),
(3176, 212, 11, 0),
(3177, 212, 12, 0),
(3178, 212, 13, 0),
(3179, 212, 14, 0),
(3180, 212, 15, 0),
(3181, 213, 1, 0),
(3182, 213, 2, 0),
(3183, 213, 3, 0),
(3184, 213, 4, 0),
(3185, 213, 5, 0),
(3186, 213, 6, 1),
(3187, 213, 7, 0),
(3188, 213, 8, 0),
(3189, 213, 9, 0),
(3190, 213, 10, 0),
(3191, 213, 11, 0),
(3192, 213, 12, 0),
(3193, 213, 13, 0),
(3194, 213, 14, 1),
(3195, 213, 15, 0),
(3196, 214, 1, 1),
(3197, 214, 2, 0),
(3198, 214, 3, 0),
(3199, 214, 4, 0),
(3200, 214, 5, 0),
(3201, 214, 6, 0),
(3202, 214, 7, 1),
(3203, 214, 8, 0),
(3204, 214, 9, 0),
(3205, 214, 10, 0),
(3206, 214, 11, 0),
(3207, 214, 12, 0),
(3208, 214, 13, 0),
(3209, 214, 14, 0),
(3210, 214, 15, 0),
(3211, 215, 1, 0),
(3212, 215, 2, 1),
(3213, 215, 3, 0),
(3214, 215, 4, 0),
(3215, 215, 5, 0),
(3216, 215, 6, 0),
(3217, 215, 7, 0),
(3218, 215, 8, 0),
(3219, 215, 9, 0),
(3220, 215, 10, 1),
(3221, 215, 11, 0),
(3222, 215, 12, 0),
(3223, 215, 13, 0),
(3224, 215, 14, 0),
(3225, 215, 15, 0),
(3226, 216, 1, 0),
(3227, 216, 2, 0),
(3228, 216, 3, 0),
(3229, 216, 4, 0),
(3230, 216, 5, 0),
(3231, 216, 6, 0),
(3232, 216, 7, 1),
(3233, 216, 8, 0),
(3234, 216, 9, 1),
(3235, 216, 10, 0),
(3236, 216, 11, 0),
(3237, 216, 12, 0),
(3238, 216, 13, 0),
(3239, 216, 14, 0),
(3240, 216, 15, 0),
(3241, 217, 1, 0),
(3242, 217, 2, 1),
(3243, 217, 3, 0),
(3244, 217, 4, 1),
(3245, 217, 5, 0),
(3246, 217, 6, 0),
(3247, 217, 7, 0),
(3248, 217, 8, 0),
(3249, 217, 9, 0),
(3250, 217, 10, 0),
(3251, 217, 11, 0),
(3252, 217, 12, 0),
(3253, 217, 13, 0),
(3254, 217, 14, 0),
(3255, 217, 15, 0),
(3256, 218, 1, 0),
(3257, 218, 2, 0),
(3258, 218, 3, 0),
(3259, 218, 4, 0),
(3260, 218, 5, 1),
(3261, 218, 6, 0),
(3262, 218, 7, 0),
(3263, 218, 8, 0),
(3264, 218, 9, 0),
(3265, 218, 10, 0),
(3266, 218, 11, 0),
(3267, 218, 12, 0),
(3268, 218, 13, 0),
(3269, 218, 14, 1),
(3270, 218, 15, 0),
(3271, 219, 1, 0),
(3272, 219, 2, 0),
(3273, 219, 3, 0),
(3274, 219, 4, 0),
(3275, 219, 5, 0),
(3276, 219, 6, 1),
(3277, 219, 7, 1),
(3278, 219, 8, 0),
(3279, 219, 9, 0),
(3280, 219, 10, 0),
(3281, 219, 11, 0),
(3282, 219, 12, 0),
(3283, 219, 13, 0),
(3284, 219, 14, 0),
(3285, 219, 15, 0),
(3286, 220, 1, 0),
(3287, 220, 2, 0),
(3288, 220, 3, 0),
(3289, 220, 4, 0),
(3290, 220, 5, 1),
(3291, 220, 6, 0),
(3292, 220, 7, 0),
(3293, 220, 8, 1),
(3294, 220, 9, 0),
(3295, 220, 10, 0),
(3296, 220, 11, 0),
(3297, 220, 12, 0),
(3298, 220, 13, 0),
(3299, 220, 14, 0),
(3300, 220, 15, 0),
(3301, 221, 1, 1),
(3302, 221, 2, 0),
(3303, 221, 3, 0),
(3304, 221, 4, 0),
(3305, 221, 5, 0),
(3306, 221, 6, 0),
(3307, 221, 7, 1),
(3308, 221, 8, 0),
(3309, 221, 9, 0),
(3310, 221, 10, 0),
(3311, 221, 11, 0),
(3312, 221, 12, 0),
(3313, 221, 13, 0),
(3314, 221, 14, 0),
(3315, 221, 15, 0),
(3316, 222, 1, 0),
(3317, 222, 2, 0),
(3318, 222, 3, 0),
(3319, 222, 4, 0),
(3320, 222, 5, 0),
(3321, 222, 6, 1),
(3322, 222, 7, 0),
(3323, 222, 8, 0),
(3324, 222, 9, 1),
(3325, 222, 10, 0),
(3326, 222, 11, 0),
(3327, 222, 12, 0),
(3328, 222, 13, 0),
(3329, 222, 14, 0),
(3330, 222, 15, 0),
(3331, 223, 1, 0),
(3332, 223, 2, 0),
(3333, 223, 3, 0),
(3334, 223, 4, 0),
(3335, 223, 5, 0),
(3336, 223, 6, 1),
(3337, 223, 7, 0),
(3338, 223, 8, 0),
(3339, 223, 9, 0),
(3340, 223, 10, 0),
(3341, 223, 11, 0),
(3342, 223, 12, 0),
(3343, 223, 13, 1),
(3344, 223, 14, 0),
(3345, 223, 15, 0),
(3346, 224, 1, 0),
(3347, 224, 2, 0),
(3348, 224, 3, 0),
(3349, 224, 4, 0),
(3350, 224, 5, 0),
(3351, 224, 6, 1),
(3352, 224, 7, 0),
(3353, 224, 8, 1),
(3354, 224, 9, 0),
(3355, 224, 10, 0),
(3356, 224, 11, 0),
(3357, 224, 12, 0),
(3358, 224, 13, 0),
(3359, 224, 14, 0),
(3360, 224, 15, 0),
(3361, 225, 1, 1),
(3362, 225, 2, 0),
(3363, 225, 3, 0),
(3364, 225, 4, 0),
(3365, 225, 5, 0),
(3366, 225, 6, 0),
(3367, 225, 7, 1),
(3368, 225, 8, 0),
(3369, 225, 9, 0),
(3370, 225, 10, 0),
(3371, 225, 11, 0),
(3372, 225, 12, 0),
(3373, 225, 13, 0),
(3374, 225, 14, 0),
(3375, 225, 15, 0),
(3376, 226, 1, 0),
(3377, 226, 2, 1),
(3378, 226, 3, 0),
(3379, 226, 4, 0),
(3380, 226, 5, 0),
(3381, 226, 6, 0),
(3382, 226, 7, 0),
(3383, 226, 8, 0),
(3384, 226, 9, 0),
(3385, 226, 10, 1),
(3386, 226, 11, 0),
(3387, 226, 12, 0),
(3388, 226, 13, 0),
(3389, 226, 14, 0),
(3390, 226, 15, 0),
(3391, 227, 1, 0),
(3392, 227, 2, 0),
(3393, 227, 3, 0),
(3394, 227, 4, 0),
(3395, 227, 5, 0),
(3396, 227, 6, 1),
(3397, 227, 7, 0),
(3398, 227, 8, 1),
(3399, 227, 9, 0),
(3400, 227, 10, 0),
(3401, 227, 11, 0),
(3402, 227, 12, 0),
(3403, 227, 13, 0),
(3404, 227, 14, 0),
(3405, 227, 15, 0),
(3406, 228, 1, 1),
(3407, 228, 2, 0),
(3408, 228, 3, 0),
(3409, 228, 4, 0),
(3410, 228, 5, 0),
(3411, 228, 6, 1),
(3412, 228, 7, 0),
(3413, 228, 8, 0),
(3414, 228, 9, 0),
(3415, 228, 10, 0),
(3416, 228, 11, 0),
(3417, 228, 12, 0),
(3418, 228, 13, 0),
(3419, 228, 14, 0),
(3420, 228, 15, 0),
(3421, 229, 1, 1),
(3422, 229, 2, 0),
(3423, 229, 3, 0),
(3424, 229, 4, 0),
(3425, 229, 5, 0),
(3426, 229, 6, 0),
(3427, 229, 7, 1),
(3428, 229, 8, 0),
(3429, 229, 9, 0),
(3430, 229, 10, 0),
(3431, 229, 11, 0),
(3432, 229, 12, 0),
(3433, 229, 13, 0),
(3434, 229, 14, 0),
(3435, 229, 15, 0),
(3436, 230, 1, 1),
(3437, 230, 2, 0),
(3438, 230, 3, 0),
(3439, 230, 4, 0),
(3440, 230, 5, 0),
(3441, 230, 6, 0),
(3442, 230, 7, 1),
(3443, 230, 8, 0),
(3444, 230, 9, 0),
(3445, 230, 10, 0),
(3446, 230, 11, 0),
(3447, 230, 12, 0),
(3448, 230, 13, 0),
(3449, 230, 14, 0),
(3450, 230, 15, 0),
(3451, 231, 1, 0),
(3452, 231, 2, 0),
(3453, 231, 3, 0),
(3454, 231, 4, 0),
(3455, 231, 5, 0),
(3456, 231, 6, 1),
(3457, 231, 7, 1),
(3458, 231, 8, 0),
(3459, 231, 9, 0),
(3460, 231, 10, 0),
(3461, 231, 11, 0),
(3462, 231, 12, 0),
(3463, 231, 13, 0),
(3464, 231, 14, 0),
(3465, 231, 15, 0),
(3466, 232, 1, 0),
(3467, 232, 2, 0),
(3468, 232, 3, 0),
(3469, 232, 4, 0),
(3470, 232, 5, 0),
(3471, 232, 6, 1),
(3472, 232, 7, 0),
(3473, 232, 8, 0),
(3474, 232, 9, 0),
(3475, 232, 10, 0),
(3476, 232, 11, 0),
(3477, 232, 12, 0),
(3478, 232, 13, 0),
(3479, 232, 14, 1),
(3480, 232, 15, 0),
(3481, 233, 1, 1),
(3482, 233, 2, 0),
(3483, 233, 3, 0),
(3484, 233, 4, 0),
(3485, 233, 5, 0),
(3486, 233, 6, 1),
(3487, 233, 7, 0),
(3488, 233, 8, 0),
(3489, 233, 9, 0),
(3490, 233, 10, 0),
(3491, 233, 11, 0),
(3492, 233, 12, 0),
(3493, 233, 13, 0),
(3494, 233, 14, 0),
(3495, 233, 15, 0),
(3496, 234, 1, 0),
(3497, 234, 2, 0),
(3498, 234, 3, 0),
(3499, 234, 4, 0),
(3500, 234, 5, 0),
(3501, 234, 6, 1),
(3502, 234, 7, 1),
(3503, 234, 8, 0),
(3504, 234, 9, 0),
(3505, 234, 10, 0),
(3506, 234, 11, 0),
(3507, 234, 12, 0),
(3508, 234, 13, 0),
(3509, 234, 14, 0),
(3510, 234, 15, 0),
(3511, 235, 1, 1),
(3512, 235, 2, 0),
(3513, 235, 3, 0),
(3514, 235, 4, 0),
(3515, 235, 5, 0),
(3516, 235, 6, 0),
(3517, 235, 7, 1),
(3518, 235, 8, 0),
(3519, 235, 9, 0),
(3520, 235, 10, 0),
(3521, 235, 11, 0),
(3522, 235, 12, 0),
(3523, 235, 13, 0),
(3524, 235, 14, 0),
(3525, 235, 15, 0),
(3526, 236, 1, 0),
(3527, 236, 2, 0),
(3528, 236, 3, 0),
(3529, 236, 4, 0),
(3530, 236, 5, 1),
(3531, 236, 6, 0),
(3532, 236, 7, 0),
(3533, 236, 8, 1),
(3534, 236, 9, 0),
(3535, 236, 10, 0),
(3536, 236, 11, 0),
(3537, 236, 12, 0),
(3538, 236, 13, 0),
(3539, 236, 14, 0),
(3540, 236, 15, 0),
(3541, 237, 1, 0),
(3542, 237, 2, 0),
(3543, 237, 3, 0),
(3544, 237, 4, 0),
(3545, 237, 5, 1),
(3546, 237, 6, 1),
(3547, 237, 7, 0),
(3548, 237, 8, 0),
(3549, 237, 9, 0),
(3550, 237, 10, 0),
(3551, 237, 11, 0),
(3552, 237, 12, 0),
(3553, 237, 13, 0),
(3554, 237, 14, 0),
(3555, 237, 15, 0),
(3556, 238, 1, 0),
(3557, 238, 2, 0),
(3558, 238, 3, 0),
(3559, 238, 4, 0),
(3560, 238, 5, 0),
(3561, 238, 6, 0),
(3562, 238, 7, 0),
(3563, 238, 8, 1),
(3564, 238, 9, 0),
(3565, 238, 10, 0),
(3566, 238, 11, 0),
(3567, 238, 12, 1),
(3568, 238, 13, 0),
(3569, 238, 14, 0),
(3570, 238, 15, 0),
(3571, 239, 1, 0),
(3572, 239, 2, 0),
(3573, 239, 3, 0),
(3574, 239, 4, 0),
(3575, 239, 5, 1),
(3576, 239, 6, 0),
(3577, 239, 7, 0),
(3578, 239, 8, 1),
(3579, 239, 9, 0),
(3580, 239, 10, 0),
(3581, 239, 11, 0),
(3582, 239, 12, 0),
(3583, 239, 13, 0),
(3584, 239, 14, 0),
(3585, 239, 15, 0),
(3586, 240, 1, 0),
(3587, 240, 2, 0),
(3588, 240, 3, 0),
(3589, 240, 4, 0),
(3590, 240, 5, 1),
(3591, 240, 6, 0),
(3592, 240, 7, 0),
(3593, 240, 8, 1),
(3594, 240, 9, 0),
(3595, 240, 10, 0),
(3596, 240, 11, 0),
(3597, 240, 12, 0),
(3598, 240, 13, 0),
(3599, 240, 14, 0),
(3600, 240, 15, 0),
(3601, 241, 1, 0),
(3602, 241, 2, 0),
(3603, 241, 3, 0),
(3604, 241, 4, 0),
(3605, 241, 5, 0),
(3606, 241, 6, 0),
(3607, 241, 7, 1),
(3608, 241, 8, 1),
(3609, 241, 9, 0),
(3610, 241, 10, 0),
(3611, 241, 11, 0),
(3612, 241, 12, 0),
(3613, 241, 13, 0),
(3614, 241, 14, 0),
(3615, 241, 15, 0),
(3616, 242, 1, 0),
(3617, 242, 2, 0),
(3618, 242, 3, 0),
(3619, 242, 4, 0),
(3620, 242, 5, 0),
(3621, 242, 6, 0),
(3622, 242, 7, 1),
(3623, 242, 8, 1),
(3624, 242, 9, 0),
(3625, 242, 10, 0),
(3626, 242, 11, 0),
(3627, 242, 12, 0),
(3628, 242, 13, 0),
(3629, 242, 14, 0),
(3630, 242, 15, 0),
(3631, 243, 1, 0),
(3632, 243, 2, 1),
(3633, 243, 3, 0),
(3634, 243, 4, 0),
(3635, 243, 5, 0),
(3636, 243, 6, 0),
(3637, 243, 7, 0),
(3638, 243, 8, 0),
(3639, 243, 9, 0),
(3640, 243, 10, 1),
(3641, 243, 11, 0),
(3642, 243, 12, 0),
(3643, 243, 13, 0),
(3644, 243, 14, 0),
(3645, 243, 15, 0),
(3646, 244, 1, 0),
(3647, 244, 2, 0),
(3648, 244, 3, 0),
(3649, 244, 4, 0),
(3650, 244, 5, 0),
(3651, 244, 6, 1),
(3652, 244, 7, 0),
(3653, 244, 8, 0),
(3654, 244, 9, 0),
(3655, 244, 10, 0),
(3656, 244, 11, 0),
(3657, 244, 12, 0),
(3658, 244, 13, 0),
(3659, 244, 14, 1),
(3660, 244, 15, 0),
(3661, 245, 1, 0),
(3662, 245, 2, 0),
(3663, 245, 3, 0),
(3664, 245, 4, 0),
(3665, 245, 5, 1),
(3666, 245, 6, 0),
(3667, 245, 7, 0),
(3668, 245, 8, 1),
(3669, 245, 9, 0),
(3670, 245, 10, 0),
(3671, 245, 11, 0),
(3672, 245, 12, 0),
(3673, 245, 13, 0),
(3674, 245, 14, 0),
(3675, 245, 15, 0),
(3676, 246, 1, 1),
(3677, 246, 2, 0),
(3678, 246, 3, 0),
(3679, 246, 4, 0),
(3680, 246, 5, 1),
(3681, 246, 6, 0),
(3682, 246, 7, 0),
(3683, 246, 8, 0),
(3684, 246, 9, 0),
(3685, 246, 10, 0),
(3686, 246, 11, 0),
(3687, 246, 12, 0),
(3688, 246, 13, 0),
(3689, 246, 14, 0),
(3690, 246, 15, 0),
(3691, 247, 1, 0),
(3692, 247, 2, 0),
(3693, 247, 3, 0),
(3694, 247, 4, 0),
(3695, 247, 5, 0),
(3696, 247, 6, 0),
(3697, 247, 7, 1),
(3698, 247, 8, 1),
(3699, 247, 9, 0),
(3700, 247, 10, 0),
(3701, 247, 11, 0),
(3702, 247, 12, 0),
(3703, 247, 13, 0),
(3704, 247, 14, 0),
(3705, 247, 15, 0),
(3706, 248, 1, 0),
(3707, 248, 2, 0),
(3708, 248, 3, 0),
(3709, 248, 4, 0),
(3710, 248, 5, 0),
(3711, 248, 6, 0),
(3712, 248, 7, 1),
(3713, 248, 8, 0),
(3714, 248, 9, 1),
(3715, 248, 10, 0),
(3716, 248, 11, 0),
(3717, 248, 12, 0),
(3718, 248, 13, 0),
(3719, 248, 14, 0),
(3720, 248, 15, 0),
(3721, 249, 1, 0),
(3722, 249, 2, 0),
(3723, 249, 3, 0),
(3724, 249, 4, 0),
(3725, 249, 5, 0),
(3726, 249, 6, 0),
(3727, 249, 7, 0),
(3728, 249, 8, 0),
(3729, 249, 9, 0),
(3730, 249, 10, 0),
(3731, 249, 11, 0),
(3732, 249, 12, 0),
(3733, 249, 13, 1),
(3734, 249, 14, 1),
(3735, 249, 15, 0),
(3736, 250, 1, 0),
(3737, 250, 2, 0),
(3738, 250, 3, 0),
(3739, 250, 4, 1),
(3740, 250, 5, 0),
(3741, 250, 6, 0),
(3742, 250, 7, 0),
(3743, 250, 8, 0),
(3744, 250, 9, 0),
(3745, 250, 10, 1),
(3746, 250, 11, 0),
(3747, 250, 12, 0),
(3748, 250, 13, 0),
(3749, 250, 14, 0),
(3750, 250, 15, 0),
(3751, 251, 1, 0),
(3752, 251, 2, 1),
(3753, 251, 3, 0),
(3754, 251, 4, 0),
(3755, 251, 5, 0),
(3756, 251, 6, 0),
(3757, 251, 7, 0),
(3758, 251, 8, 1),
(3759, 251, 9, 0),
(3760, 251, 10, 0),
(3761, 251, 11, 0),
(3762, 251, 12, 0),
(3763, 251, 13, 0),
(3764, 251, 14, 0),
(3765, 251, 15, 0),
(3766, 252, 1, 1),
(3767, 252, 2, 0),
(3768, 252, 3, 0),
(3769, 252, 4, 0),
(3770, 252, 5, 0),
(3771, 252, 6, 0),
(3772, 252, 7, 1),
(3773, 252, 8, 0),
(3774, 252, 9, 0),
(3775, 252, 10, 0),
(3776, 252, 11, 0),
(3777, 252, 12, 0),
(3778, 252, 13, 0),
(3779, 252, 14, 0),
(3780, 252, 15, 0),
(3781, 253, 1, 1),
(3782, 253, 2, 0),
(3783, 253, 3, 0),
(3784, 253, 4, 0),
(3785, 253, 5, 0),
(3786, 253, 6, 0),
(3787, 253, 7, 1),
(3788, 253, 8, 0),
(3789, 253, 9, 0),
(3790, 253, 10, 0),
(3791, 253, 11, 0),
(3792, 253, 12, 0),
(3793, 253, 13, 0),
(3794, 253, 14, 0),
(3795, 253, 15, 0);

-- --------------------------------------------------------

--
-- Table structure for table `nbc_responden`
--

CREATE TABLE IF NOT EXISTS `nbc_responden` (
  `id_responden` int(11) NOT NULL AUTO_INCREMENT,
  `responden` varchar(50) NOT NULL,
  PRIMARY KEY (`id_responden`)
) ENGINE=InnoDB  DEFAULT CHARSET=latin1 AUTO_INCREMENT=254 ;

--
-- Dumping data for table `nbc_responden`
--

INSERT INTO `nbc_responden` (`id_responden`, `responden`) VALUES
(1, 'data1'),
(2, 'data2'),
(3, 'data3'),
(4, 'data4'),
(5, 'data5'),
(6, 'data6'),
(7, 'data7'),
(8, 'data8'),
(9, 'data9'),
(10, 'data10'),
(11, 'data11'),
(12, 'data12'),
(13, 'data13'),
(14, 'data14'),
(15, 'data15'),
(16, 'data16'),
(17, 'data17'),
(18, 'data18'),
(19, 'data19'),
(20, 'data20'),
(21, 'data21'),
(22, 'data22'),
(23, 'data23'),
(24, 'data24'),
(25, 'data25'),
(26, 'data26'),
(27, 'data27'),
(28, 'data28'),
(29, 'data29'),
(30, 'data30'),
(31, 'data31'),
(32, 'data32'),
(33, 'data33'),
(34, 'data34'),
(35, 'data35'),
(36, 'data36'),
(37, 'data37'),
(38, 'data38'),
(39, 'data39'),
(40, 'data40'),
(41, 'data41'),
(42, 'data42'),
(43, 'data43'),
(44, 'data44'),
(45, 'data45'),
(46, 'data46'),
(47, 'data47'),
(48, 'data48'),
(49, 'data49'),
(50, 'data50'),
(51, 'data51'),
(52, 'data52'),
(53, 'data53'),
(54, 'data54'),
(55, 'data55'),
(56, 'data56'),
(57, 'data57'),
(58, 'data58'),
(59, 'data59'),
(60, 'data60'),
(61, 'data61'),
(62, 'data62'),
(63, 'data63'),
(64, 'data64'),
(65, 'data65'),
(66, 'data66'),
(67, 'data67'),
(68, 'data68'),
(69, 'data69'),
(70, 'data70'),
(71, 'data71'),
(72, 'data72'),
(73, 'data73'),
(74, 'data74'),
(75, 'data75'),
(76, 'data76'),
(77, 'data77'),
(78, 'data78'),
(79, 'data79'),
(80, 'data80'),
(81, 'data81'),
(82, 'data82'),
(83, 'data83'),
(84, 'data84'),
(85, 'data85'),
(86, 'data86'),
(87, 'data87'),
(88, 'data88'),
(89, 'data89'),
(90, 'data90'),
(91, 'data91'),
(92, 'data92'),
(93, 'data93'),
(94, 'data94'),
(95, 'data95'),
(96, 'data96'),
(97, 'data97'),
(98, 'data98'),
(99, 'data99'),
(100, 'data100'),
(101, 'data101'),
(102, 'data102'),
(103, 'data103'),
(104, 'data104'),
(105, 'data105'),
(106, 'data106'),
(107, 'data107'),
(108, 'data108'),
(109, 'data109'),
(110, 'data110'),
(111, 'data111'),
(112, 'data112'),
(113, 'data113'),
(114, 'data114'),
(115, 'data115'),
(116, 'data116'),
(117, 'data117'),
(118, 'data118'),
(119, 'data119'),
(120, 'data120'),
(121, 'data121'),
(122, 'data122'),
(123, 'data123'),
(124, 'data124'),
(125, 'data125'),
(126, 'data126'),
(127, 'data127'),
(128, 'data128'),
(129, 'data129'),
(130, 'data130'),
(131, 'data131'),
(132, 'data132'),
(133, 'data133'),
(134, 'data134'),
(135, 'data135'),
(136, 'data136'),
(137, 'data137'),
(138, 'data138'),
(139, 'data139'),
(140, 'data140'),
(141, 'data141'),
(142, 'data142'),
(143, 'data143'),
(144, 'data144'),
(145, 'data145'),
(146, 'data146'),
(147, 'data147'),
(148, 'data148'),
(149, 'data149'),
(150, 'data150'),
(151, 'data151'),
(152, 'data152'),
(153, 'data153'),
(154, 'data154'),
(155, 'data155'),
(156, 'data156'),
(157, 'data157'),
(158, 'data158'),
(159, 'data159'),
(160, 'data160'),
(161, 'data161'),
(162, 'data162'),
(163, 'data163'),
(164, 'data164'),
(165, 'data165'),
(166, 'data166'),
(167, 'data167'),
(168, 'data168'),
(169, 'data169'),
(170, 'data170'),
(171, 'data171'),
(172, 'data172'),
(173, 'data173'),
(174, 'data174'),
(175, 'data175'),
(176, 'data176'),
(177, 'data177'),
(178, 'data178'),
(179, 'data179'),
(180, 'data180'),
(181, 'data181'),
(182, 'data182'),
(183, 'data183'),
(184, 'data184'),
(185, 'data185'),
(186, 'data186'),
(187, 'data187'),
(188, 'data188'),
(189, 'data189'),
(190, 'data190'),
(191, 'data191'),
(192, 'data192'),
(193, 'data193'),
(194, 'data194'),
(195, 'data195'),
(196, 'data196'),
(197, 'data197'),
(198, 'data198'),
(199, 'data199'),
(200, 'data200'),
(201, 'data201'),
(202, 'data202'),
(203, 'data203'),
(204, 'data204'),
(205, 'data205'),
(206, 'data206'),
(207, 'data207'),
(208, 'data208'),
(209, 'data209'),
(210, 'data210'),
(211, 'data211'),
(212, 'data212'),
(213, 'data213'),
(214, 'data214'),
(215, 'data215'),
(216, 'data216'),
(217, 'data217'),
(218, 'data218'),
(219, 'data219'),
(220, 'data220'),
(221, 'data221'),
(222, 'data222'),
(223, 'data223'),
(224, 'data224'),
(225, 'data225'),
(226, 'data226'),
(227, 'data227'),
(228, 'data228'),
(229, 'data229'),
(230, 'data230'),
(231, 'data231'),
(232, 'data232'),
(233, 'data233'),
(234, 'data234'),
(235, 'data235'),
(236, 'data236'),
(237, 'data237'),
(238, 'data238'),
(239, 'data239'),
(240, 'data240'),
(241, 'data241'),
(242, 'data242'),
(243, 'data243'),
(244, 'data244'),
(245, 'data245'),
(246, 'data246'),
(247, 'data247'),
(248, 'data248'),
(249, 'data249'),
(250, 'data250'),
(251, 'data251'),
(252, 'data252'),
(253, 'data253');

/*!40101 SET CHARACTER_SET_CLIENT=@OLD_CHARACTER_SET_CLIENT */;
/*!40101 SET CHARACTER_SET_RESULTS=@OLD_CHARACTER_SET_RESULTS */;
/*!40101 SET COLLATION_CONNECTION=@OLD_COLLATION_CONNECTION */;
